-- MySQL dump 10.13  Distrib 8.0.19, for Win64 (x86_64)
--
-- Host: localhost    Database: dragile
-- ------------------------------------------------------
-- Server version	8.0.19

/*!40101 SET @OLD_CHARACTER_SET_CLIENT=@@CHARACTER_SET_CLIENT */;
/*!40101 SET @OLD_CHARACTER_SET_RESULTS=@@CHARACTER_SET_RESULTS */;
/*!40101 SET @OLD_COLLATION_CONNECTION=@@COLLATION_CONNECTION */;
/*!50503 SET NAMES utf8mb4 */;
/*!40103 SET @OLD_TIME_ZONE=@@TIME_ZONE */;
/*!40103 SET TIME_ZONE='+00:00' */;
/*!40014 SET @OLD_UNIQUE_CHECKS=@@UNIQUE_CHECKS, UNIQUE_CHECKS=0 */;
/*!40014 SET @OLD_FOREIGN_KEY_CHECKS=@@FOREIGN_KEY_CHECKS, FOREIGN_KEY_CHECKS=0 */;
/*!40101 SET @OLD_SQL_MODE=@@SQL_MODE, SQL_MODE='NO_AUTO_VALUE_ON_ZERO' */;
/*!40111 SET @OLD_SQL_NOTES=@@SQL_NOTES, SQL_NOTES=0 */;

--
-- Table structure for table `auth_group`
--

DROP TABLE IF EXISTS `auth_group`;
/*!40101 SET @saved_cs_client     = @@character_set_client */;
/*!50503 SET character_set_client = utf8mb4 */;
CREATE TABLE `auth_group` (
  `id` int NOT NULL AUTO_INCREMENT,
  `name` varchar(80) NOT NULL,
  PRIMARY KEY (`id`),
  UNIQUE KEY `name` (`name`)
) ENGINE=InnoDB DEFAULT CHARSET=latin1;
/*!40101 SET character_set_client = @saved_cs_client */;

--
-- Dumping data for table `auth_group`
--

LOCK TABLES `auth_group` WRITE;
/*!40000 ALTER TABLE `auth_group` DISABLE KEYS */;
/*!40000 ALTER TABLE `auth_group` ENABLE KEYS */;
UNLOCK TABLES;

--
-- Table structure for table `auth_group_permissions`
--

DROP TABLE IF EXISTS `auth_group_permissions`;
/*!40101 SET @saved_cs_client     = @@character_set_client */;
/*!50503 SET character_set_client = utf8mb4 */;
CREATE TABLE `auth_group_permissions` (
  `id` int NOT NULL AUTO_INCREMENT,
  `group_id` int NOT NULL,
  `permission_id` int NOT NULL,
  PRIMARY KEY (`id`),
  UNIQUE KEY `group_id` (`group_id`,`permission_id`),
  KEY `auth_group_permissions_425ae3c4` (`group_id`),
  KEY `auth_group_permissions_1e014c8f` (`permission_id`)
) ENGINE=InnoDB DEFAULT CHARSET=latin1;
/*!40101 SET character_set_client = @saved_cs_client */;

--
-- Dumping data for table `auth_group_permissions`
--

LOCK TABLES `auth_group_permissions` WRITE;
/*!40000 ALTER TABLE `auth_group_permissions` DISABLE KEYS */;
/*!40000 ALTER TABLE `auth_group_permissions` ENABLE KEYS */;
UNLOCK TABLES;

--
-- Table structure for table `auth_message`
--

DROP TABLE IF EXISTS `auth_message`;
/*!40101 SET @saved_cs_client     = @@character_set_client */;
/*!50503 SET character_set_client = utf8mb4 */;
CREATE TABLE `auth_message` (
  `id` int NOT NULL AUTO_INCREMENT,
  `user_id` int NOT NULL,
  `message` longtext NOT NULL,
  PRIMARY KEY (`id`),
  KEY `auth_message_403f60f` (`user_id`)
) ENGINE=InnoDB DEFAULT CHARSET=latin1;
/*!40101 SET character_set_client = @saved_cs_client */;

--
-- Dumping data for table `auth_message`
--

LOCK TABLES `auth_message` WRITE;
/*!40000 ALTER TABLE `auth_message` DISABLE KEYS */;
/*!40000 ALTER TABLE `auth_message` ENABLE KEYS */;
UNLOCK TABLES;

--
-- Table structure for table `auth_permission`
--

DROP TABLE IF EXISTS `auth_permission`;
/*!40101 SET @saved_cs_client     = @@character_set_client */;
/*!50503 SET character_set_client = utf8mb4 */;
CREATE TABLE `auth_permission` (
  `id` int NOT NULL AUTO_INCREMENT,
  `name` varchar(50) NOT NULL,
  `content_type_id` int NOT NULL,
  `codename` varchar(100) NOT NULL,
  PRIMARY KEY (`id`),
  UNIQUE KEY `content_type_id` (`content_type_id`,`codename`),
  KEY `auth_permission_1bb8f392` (`content_type_id`)
) ENGINE=InnoDB AUTO_INCREMENT=88 DEFAULT CHARSET=latin1;
/*!40101 SET character_set_client = @saved_cs_client */;

--
-- Dumping data for table `auth_permission`
--

LOCK TABLES `auth_permission` WRITE;
/*!40000 ALTER TABLE `auth_permission` DISABLE KEYS */;
INSERT INTO `auth_permission` VALUES (1,'Can add permission',1,'add_permission'),(2,'Can change permission',1,'change_permission'),(3,'Can delete permission',1,'delete_permission'),(4,'Can add group',2,'add_group'),(5,'Can change group',2,'change_group'),(6,'Can delete group',2,'delete_group'),(7,'Can add user',3,'add_user'),(8,'Can change user',3,'change_user'),(9,'Can delete user',3,'delete_user'),(10,'Can add message',4,'add_message'),(11,'Can change message',4,'change_message'),(12,'Can delete message',4,'delete_message'),(13,'Can add content type',5,'add_contenttype'),(14,'Can change content type',5,'change_contenttype'),(15,'Can delete content type',5,'delete_contenttype'),(16,'Can add session',6,'add_session'),(17,'Can change session',6,'change_session'),(18,'Can delete session',6,'delete_session'),(19,'Can add site',7,'add_site'),(20,'Can change site',7,'change_site'),(21,'Can delete site',7,'delete_site'),(22,'Can add answer range',8,'add_answerrange'),(23,'Can change answer range',8,'change_answerrange'),(24,'Can delete answer range',8,'delete_answerrange'),(25,'Can add mcq answer',9,'add_mcqanswer'),(26,'Can change mcq answer',9,'change_mcqanswer'),(27,'Can delete mcq answer',9,'delete_mcqanswer'),(28,'Can add log entry',10,'add_logentry'),(29,'Can change log entry',10,'change_logentry'),(30,'Can delete log entry',10,'delete_logentry'),(31,'Can add role',11,'add_role'),(32,'Can change role',11,'change_role'),(33,'Can delete role',11,'delete_role'),(34,'Can add indicator',12,'add_indicator'),(35,'Can change indicator',12,'change_indicator'),(36,'Can delete indicator',12,'delete_indicator'),(37,'Can add characteristic category',13,'add_characteristiccategory'),(38,'Can change characteristic category',13,'change_characteristiccategory'),(39,'Can delete characteristic category',13,'delete_characteristiccategory'),(40,'Can add characteristic',14,'add_characteristic'),(41,'Can change characteristic',14,'change_characteristic'),(42,'Can delete characteristic',14,'delete_characteristic'),(43,'Can add practice',15,'add_practice'),(44,'Can change practice',15,'change_practice'),(45,'Can delete practice',15,'delete_practice'),(46,'Can add user profile',16,'add_userprofile'),(47,'Can change user profile',16,'change_userprofile'),(48,'Can delete user profile',16,'delete_userprofile'),(49,'Can add answer',17,'add_answer'),(50,'Can change answer',17,'change_answer'),(51,'Can delete answer',17,'delete_answer'),(52,'Can add macro',18,'add_macro'),(53,'Can change macro',18,'change_macro'),(54,'Can delete macro',18,'delete_macro'),(55,'Can add report password',19,'add_reportpassword'),(56,'Can change report password',19,'change_reportpassword'),(57,'Can delete report password',19,'delete_reportpassword'),(58,'Can add demographic',20,'add_demographic'),(59,'Can change demographic',20,'change_demographic'),(60,'Can delete demographic',20,'delete_demographic'),(64,'Can add demographic value',22,'add_demographicvalue'),(65,'Can change demographic value',22,'change_demographicvalue'),(66,'Can delete demographic value',22,'delete_demographicvalue'),(67,'Can add user demographics',23,'add_userdemographics'),(68,'Can change user demographics',23,'change_userdemographics'),(69,'Can delete user demographics',23,'delete_userdemographics'),(70,'Can add migration history',24,'add_migrationhistory'),(71,'Can change migration history',24,'change_migrationhistory'),(72,'Can delete migration history',24,'delete_migrationhistory'),(73,'Can add email',28,'add_email'),(74,'Can change email',28,'change_email'),(75,'Can delete email',28,'delete_email'),(76,'Can add email template',30,'add_emailtemplate'),(77,'Can change email template',30,'change_emailtemplate'),(78,'Can delete email template',30,'delete_emailtemplate'),(79,'Can view site',7,'view_site'),(80,'Can view log entry',10,'view_logentry'),(81,'Can view permission',1,'view_permission'),(82,'Can view group',2,'view_group'),(83,'Can view user',3,'view_user'),(84,'Can view content type',5,'view_contenttype'),(85,'Can view session',6,'view_session'),(86,'Can view email',28,'view_email'),(87,'Can view email template',30,'view_emailtemplate');
/*!40000 ALTER TABLE `auth_permission` ENABLE KEYS */;
UNLOCK TABLES;

--
-- Table structure for table `auth_user`
--

DROP TABLE IF EXISTS `auth_user`;
/*!40101 SET @saved_cs_client     = @@character_set_client */;
/*!50503 SET character_set_client = utf8mb4 */;
CREATE TABLE `auth_user` (
  `id` int NOT NULL AUTO_INCREMENT,
  `username` varchar(80) NOT NULL,
  `first_name` varchar(80) NOT NULL,
  `last_name` varchar(80) NOT NULL,
  `email` varchar(80) NOT NULL,
  `password` varchar(128) NOT NULL,
  `is_staff` tinyint(1) NOT NULL,
  `is_active` tinyint(1) NOT NULL,
  `is_superuser` tinyint(1) NOT NULL,
  `last_login` datetime NULL,
  `date_joined` datetime NOT NULL,
  PRIMARY KEY (`id`),
  UNIQUE KEY `username` (`username`)
) ENGINE=InnoDB AUTO_INCREMENT=168 DEFAULT CHARSET=latin1;
/*!40101 SET character_set_client = @saved_cs_client */;

--
-- Dumping data for table `auth_user`
--

LOCK TABLES `auth_user` WRITE;
/*!40000 ALTER TABLE `auth_user` DISABLE KEYS */;
INSERT INTO `auth_user` VALUES (1,'admin','','','amr@agileacademy.co','pbkdf2_sha256$10000$vVflfuxdpUHF$/nYh6v0CW8U5lUnTqtGmLFHGOYvXkF0N+RSB8gnS16E=',1,1,1,'2019-05-27 07:59:33','2012-10-20 22:11:31'),(9,'kh.habsa@gmail.com','','','kh.habsa@gmail.com','pbkdf2_sha256$10000$sQl9drFGIuyl$+Xa3KfBUYLP5rH+w8CmJ2t4H67utdyh4TatGiq5iNL0=',0,1,0,'2019-03-25 12:38:38','2019-03-25 12:38:38'),(10,'k.ahmed@desiredware.com','','','k.ahmed@desiredware.com','pbkdf2_sha256$10000$xWIxoLPJzaOn$HLJEHetevuV2yamqjhH88cP3gVDe3yCWyRxoy0rpeL0=',0,1,0,'2019-03-25 12:43:50','2019-03-25 12:43:50'),(27,'muhammad.elkharashy@incorta.com','Muhammad','Elkharashy','muhammad.elkharashy@incorta.com','pbkdf2_sha256$10000$4AW37Y4vfd7O$tj5VKQANHRj80h4jMOkmgQ4i2RD3MqG5b/XzS4UkN44=',0,1,0,'2019-05-08 19:49:15','2019-05-08 04:59:08'),(30,'ahmed.magdy@incorta.com','ahmed','Magdy ','ahmed.magdy@incorta.com','pbkdf2_sha256$10000$BYAShsLO1zFR$g+WoevWbPurmQGGnAjOIeEc7yqJlpe9Cgb1IUUmmV/Y=',0,1,0,'2019-05-09 03:37:16','2019-05-09 03:37:16'),(31,'enas.elshahat@incorta.com','enas','elshahat','enas.elshahat@incorta.com','pbkdf2_sha256$10000$xraX92ZVhn1A$FE07xrgCOtGxiGl/jYWnXkbEE143NeG6YdXoMk0VXdA=',0,1,0,'2019-05-09 03:37:18','2019-05-09 03:37:18'),(32,'ahmed.riyad@incorta.com','ahmed','riyad','ahmed.riyad@incorta.com','pbkdf2_sha256$10000$BG8HVUiPwpSd$E7BCFzXhWLc9krUONne0yoyL/suJCjFGXGypWKep/88=',0,1,0,'2019-05-09 03:37:20','2019-05-09 03:37:20'),(33,'ahmed.alsammany@incorta.com','ahmed','alsammany','ahmed.alsammany@incorta.com','pbkdf2_sha256$10000$NDiRhQmo5AZA$PjhtvUVbiDeNDIhfbA4+Fk4NDXL7lxr2vPpfMa4iKYY=',0,1,0,'2019-05-11 08:03:30','2019-05-09 03:37:22'),(34,'sara.youssef@incorta.com','sara','youssef','sara.youssef@incorta.com','pbkdf2_sha256$10000$y1kPJ1BaROF5$oeBRxnuvPHgmVlSCnbsIE0O5z6hPvZyTLp3zxgjlIsQ=',0,1,0,'2019-05-19 03:25:19','2019-05-09 03:37:23'),(35,'mohamed.elprince@incorta.com','mohamed','elprince','mohamed.elprince@incorta.com','pbkdf2_sha256$10000$y5AYG0AQq1FK$4GXy3NOgwlpIOTxY6B7y21IG2mz4Svo3gy0Ah2MLvRw=',0,1,0,'2019-05-22 11:17:02','2019-05-09 03:37:25'),(36,'osama.khalifa@incorta.com','osama','khalifa','osama.khalifa@incorta.com','pbkdf2_sha256$10000$voYm4nFac7wK$fgKXN1tpjxEggqrTntVmTZJ9nLkTo+1PKLKSX6Bpx8A=',0,1,0,'2019-05-12 04:34:11','2019-05-09 03:37:27'),(37,'ahmed.fouad@incorta.com','ahmed','fouad','ahmed.fouad@incorta.com','pbkdf2_sha256$10000$0eqowR6xD209$UPXJnYaFrW32CLAsqofjhInEQMolED7pAeL+ws8ZUPc=',0,1,0,'2019-05-09 03:37:29','2019-05-09 03:37:29'),(38,'ahmed.eltanahy@incorta.com','ahmed','eltanahy','ahmed.eltanahy@incorta.com','pbkdf2_sha256$10000$P1RNB2fvkY36$aSpqbjaomYRM9AjjoQXGeDhhAr2BxOv4UPLsaFv4Ouc=',0,1,0,'2019-05-13 04:23:11','2019-05-09 03:37:31'),(39,'amina.elShal@incorta.com','amina','elShal','amina.elShal@incorta.com','pbkdf2_sha256$10000$mM88ugbgDIf0$QI1CDPp+5QJyj4gAG0zWhMbxvAsmGZ3IgQvG9YQlYgE=',0,1,0,'2019-05-15 03:18:31','2019-05-09 03:37:33'),(40,'tamer.mahfouz@incorta.com','tamer','mahfouz','tamer.mahfouz@incorta.com','pbkdf2_sha256$10000$BAhkHHb5Awbs$mq7O29Jk2OK67vL6zBcN3Cn1tOt0tKT5kU5ClbK4aLM=',0,1,0,'2019-05-09 08:23:26','2019-05-09 03:37:35'),(41,'nouran.yasser@incorta.com','nouran','nouran','nouran.yasser@incorta.com','pbkdf2_sha256$10000$qmrhvig634bQ$GPBrzKzHBDGBEoerr9iAcQM0ZbNW9TWL/pBk1edD3hw=',0,1,0,'2019-05-13 07:16:30','2019-05-09 03:37:36'),(42,'eman.bedair@incorta.com','eman','Bedir ','eman.bedair@incorta.com','pbkdf2_sha256$10000$DGnMYxlQ89nO$kSM6EYJeJWoVN7qxdV8mbJNaLt8OznTw4Z/4EP35FTQ=',0,1,0,'2019-05-09 03:37:38','2019-05-09 03:37:38'),(43,'eman.moussa@incorta.com','eman','Moussa ','eman.moussa@incorta.com','pbkdf2_sha256$10000$iIAGwyZYD9QJ$mBFfPwifOdkIl4nWHLhpnWuGEGVyuUmDfbtfsyDbS2A=',0,1,0,'2019-05-13 07:16:56','2019-05-09 03:37:40'),(44,'ahmed.youssef@incorta.com','ahmed','Youssef','ahmed.youssef@incorta.com','pbkdf2_sha256$10000$cerCWt9Z3D6a$vUkRznw3Fy0VhV8csw9feJFFqImE5XtHNkVG5UHuotY=',0,1,0,'2019-05-09 03:37:42','2019-05-09 03:37:42'),(45,'mohamed.khaled@incorta.com','mohamed','Khaled ','mohamed.khaled@incorta.com','pbkdf2_sha256$10000$8iWab78TlxcS$CbitkQffYlMe3XcNUp8gMgitBOc4IYzjX56fB+gVN98=',0,1,0,'2019-05-09 04:58:26','2019-05-09 03:37:44'),(46,'aya.omar@incorta.com','aya','Omar ','aya.omar@incorta.com','pbkdf2_sha256$10000$BdJOF6au1M5g$GOv43sa1QPBz00vAPBX4YMSqBpKTM1rJ2llwOP6dmCo=',0,1,0,'2019-05-09 03:37:46','2019-05-09 03:37:46'),(47,'mohamed.gelbana@incorta.com','mohamed','gelbana','mohamed.gelbana@incorta.com','pbkdf2_sha256$10000$BKxi0LudhiNT$exYoNMt8V9w8S8R6+eMd1iWVBhwq6IG3XSFMMU0h8zk=',0,1,0,'2019-05-09 09:01:58','2019-05-09 03:37:47'),(48,'mohamed.ghanem@incorta.com','mohamed','ghanem ','mohamed.ghanem@incorta.com','pbkdf2_sha256$10000$80DFQAs355vP$4FJ2bM/CfjKZReW2eBxrP6+apalt2+rosmB8l9cglj4=',0,1,0,'2019-05-09 03:37:49','2019-05-09 03:37:49'),(49,'ayman.madkour@incorta.com','ayman','madkour','ayman.madkour@incorta.com','pbkdf2_sha256$10000$x5oLJF587h4Z$6khDxcjh3Zw5EwI2vD+8XdkZ8UU6fnqlQaICaHOgF5o=',0,1,0,'2019-05-15 03:42:53','2019-05-09 03:37:51'),(50,'ahmed.farid@incorta.com','ahmed','faried','ahmed.farid@incorta.com','pbkdf2_sha256$10000$4SYhOGda2wxs$C6/vcHzyuxnC4ScunbhySDkEhQOVA0b1rbnmHn45/aM=',0,1,0,'2019-05-15 12:35:02','2019-05-09 03:37:53'),(51,'mohamed.ghayaty@incorta.com','mohamed','ghayaty','mohamed.ghayaty@incorta.com','pbkdf2_sha256$10000$doCdj3vvhzXw$XnTjUwzTQk3ZIQwed2+dls4jhpe7OoWwEP6hYueOZBM=',0,1,0,'2019-05-15 06:51:33','2019-05-09 03:37:55'),(52,'ahmed.esmat@incorta.com','ahmed','esmat ','ahmed.esmat@incorta.com','pbkdf2_sha256$10000$1t6HuR4zMhvb$4zIgZw9L9QfP+hZ2ADLJGCI96sJy2lMK2gyqNj6VNjk=',0,1,0,'2019-05-15 02:55:11','2019-05-09 03:37:57'),(53,'ayat.aboelnaga@incorta.com','ayat','aboelnaga ','ayat.aboelnaga@incorta.com','pbkdf2_sha256$10000$Okcib6GwAVTX$NIKffTWZgGml9E4l+0pql+Y8Klui6Tkacqk7eePZLbo=',0,1,0,'2019-05-09 03:37:59','2019-05-09 03:37:59'),(54,'moneim.serry@incorta.com','moneim','serry','moneim.serry@incorta.com','pbkdf2_sha256$10000$EReO5y20tpKH$rHxRmV3WfWTzWysz92+CTCWet/higAl2pKvxB4J6PgU=',0,1,0,'2019-05-09 11:08:04','2019-05-09 03:38:00'),(55,'moataz.mishrif@incorta.com','moataz','Mishrif','moataz.mishrif@incorta.com','pbkdf2_sha256$10000$leACA4gQDvcR$poChPjeE0y/SHqIu6liIp0cn0D99ce7rjYz1BxSIB54=',0,1,0,'2019-05-09 03:38:02','2019-05-09 03:38:02'),(56,'rasha.mahran@incorta.com','rasha','mahran','rasha.mahran@incorta.com','pbkdf2_sha256$10000$gxzTL4jsMy9f$mFZhYQyq3XUa6nKCziTBzJjBW7/2sr7ndSzMMvEDnw8=',0,1,0,'2019-05-18 15:49:21','2019-05-09 03:38:04'),(57,'mohamed.ghonem@incorta.com','mohamed','ghonem','mohamed.ghonem@incorta.com','pbkdf2_sha256$10000$HTlrKq8St63c$oAchd5nRlP6GoaA/YY9wz+lWWnRTcy+g77Umt7z04r4=',0,1,0,'2019-05-12 04:32:33','2019-05-09 03:38:06'),(58,'amr.yassin@incorta.com','amr','yassin','amr.yassin@incorta.com','pbkdf2_sha256$10000$VfZEzHuXzpf0$YXfq/TlsdnzJBD2x/CxGhVMhhSjI11tnxjpPp2LJgqU=',0,1,0,'2019-05-13 04:09:18','2019-05-09 03:38:08'),(59,'shaymaa.elkhawaga@incorta.com','shaymaa','elkhawaga ','shaymaa.elkhawaga@incorta.com','pbkdf2_sha256$10000$isTgDeOMcYiO$Ll/qeSigqEDqP2cf+HHUjXFI14lPJ2nntm+GGbmQsvA=',0,1,0,'2019-05-09 03:38:10','2019-05-09 03:38:10'),(60,'islam.omar@incorta.com','islam','Omar ','islam.omar@incorta.com','pbkdf2_sha256$10000$GWi1VbW5nmt3$HMoDLR3KOBg/8beFi2IcVV17Iz9s/cMpnxNhqcsWgvs=',0,1,0,'2019-05-10 20:30:20','2019-05-09 03:38:12'),(61,'mona.amr@incorta.com','mona','amr','mona.amr@incorta.com','pbkdf2_sha256$10000$vtgdbMWJHrSf$0ahQKpI1rpZV44LvMwmXlPOsVhrPpccOzrUNIi7l7Xg=',0,1,0,'2019-05-09 05:51:38','2019-05-09 03:38:13'),(62,'mohamed.orikat@incorta.com','mohamed','orikat','mohamed.orikat@incorta.com','pbkdf2_sha256$10000$ZPePhmOwr3wH$xktEXPcgRTrj8nox91PAzp+u3EW3ijGRZLZpSd7XiqQ=',0,1,0,'2019-05-12 10:21:19','2019-05-09 03:38:15'),(63,'sara.ramadan@incorta.com','sara','ramadan','sara.ramadan@incorta.com','pbkdf2_sha256$10000$dBsvr2OUWOam$GJ08eDT1OTEbj6wuciddlAmPtYDs/g7CQevl9MLmz+g=',0,1,0,'2019-05-09 03:38:17','2019-05-09 03:38:17'),(64,'mohab.deen@incorta.com ','mohab','mohee ','mohab.deen@incorta.com','pbkdf2_sha256$10000$kUJeJaSWJdFH$Rj/oDP3kJlsFThp+Z/pLxmHwm3q8fDwuBUsOr/oyqfk=',0,1,0,'2019-05-13 04:57:36','2019-05-09 03:38:19'),(65,'radwa.osama@incorta.com','radwa','osama','radwa.osama@incorta.com','pbkdf2_sha256$10000$Cg7iZCyZNNxC$2EB/V9vJmsSR2f5SnF6El4I9wiv0b+mptuzrA2SHt/c=',0,1,0,'2019-05-12 03:45:26','2019-05-09 03:38:21'),(66,'ahmed.moneim@incorta.com','ahmed','moniem','ahmed.moneim@incorta.com','pbkdf2_sha256$10000$38JdhN9LxpVv$NrFwlIiA/g++KhAhSRA28Jx86hCi/xCt/MwZDhMsW14=',0,1,0,'2019-05-09 05:27:43','2019-05-09 03:38:23'),(67,'zain.hamed@incorta.com','zain','hamed','zain.hamed@incorta.com','pbkdf2_sha256$10000$OlC1OP0KKRyK$U4PfRULDrZ5MHVs23layJMcquYjoJWRLKChkca8ycSY=',0,1,0,'2019-05-23 03:42:37','2019-05-09 03:38:25'),(68,'ahmed.abdelsalam@incorta.com','ahmed','abdelsalam','ahmed.abdelsalam@incorta.com','pbkdf2_sha256$10000$zmtLqSZWY47O$l4D6k37TpvCmJksiZU6S3q3xn/WDcWf4PiOhU1OU77o=',0,1,0,'2019-05-09 05:35:01','2019-05-09 03:38:26'),(69,'menna.maged@incorta.com','menna','maged ','menna.maged@incorta.com','pbkdf2_sha256$10000$xXIyopSuhnwj$OtjFg5MSkZfOO0X/uPaOnPPHl2OJx9z9H5Go+/9PN18=',0,1,0,'2019-05-09 04:57:46','2019-05-09 03:38:28'),(70,'yehia.elhady@incorta.com','yehia','elhady','yehia.elhady@incorta.com','pbkdf2_sha256$10000$7w95z0sHDFw2$noClR15exatqTxH4bM4pCr28INCstZzsDm0MV/jydG8=',0,1,0,'2019-05-14 06:49:06','2019-05-09 03:38:30'),(71,'mohamed.kamel@incorta.com','mohamed','kamel','mohamed.kamel@incorta.com','pbkdf2_sha256$10000$y6HUTEzfR45o$n0we4qiXD633GTqaYj7pWeW3r+ICTdN3Nc/5ukEdfxw=',0,1,0,'2019-05-14 05:55:12','2019-05-09 03:38:32'),(72,'rafif.zayed@incorta.com','rafif','zayed','rafif.zayed@incorta.com','pbkdf2_sha256$10000$gQ46ocWzeOJx$jbcZsIMIWYBxXwK1mdfzVoXk6FnPNa/ZFzQXQWFc7Dk=',0,1,0,'2019-05-09 03:38:34','2019-05-09 03:38:34'),(73,'amr.ismail@incorta.com','amr','ismail ','amr.ismail@incorta.com','pbkdf2_sha256$10000$VfLo1kttLTb8$IlBdcpU+eXiPEUsHEybyRjvy+neEgOsgZnxuh71cU2E=',0,1,0,'2019-05-09 03:38:36','2019-05-09 03:38:36'),(74,'amr.elnaggar@incorta.com','amr','Elnaggar','amr.elnaggar@incorta.com','pbkdf2_sha256$10000$7j0dP3C1uzZP$UBpqQhAdG929+2Pgo0iEAcagaz0ZldClyet8yE3rCJQ=',0,1,0,'2019-05-15 04:21:04','2019-05-09 03:38:37'),(75,'sarah.saloum@incorta.com','sarah','saloum','sarah.saloum@incorta.com','pbkdf2_sha256$10000$NMhtue8OwUWb$db6UCr7NkbHnPGVglvQPgJjULLfN2a3GiqWpPaAa0xQ=',0,1,0,'2019-05-09 03:38:39','2019-05-09 03:38:39'),(76,'ghada.mahmoud@incorta.com','ghada','mahmoud ','ghada.mahmoud@incorta.com','pbkdf2_sha256$10000$DlsRG7yNKSrY$DI8PPK1qrMX64rDZbURA31NNjXvKyZtIK6U8MT5TRb4=',0,1,0,'2019-05-09 07:57:50','2019-05-09 03:38:41'),(77,'ahmed.ali@incorta.com','ahmed','ali ','ahmed.ali@incorta.com','pbkdf2_sha256$10000$rN4CqTz1owUg$bg7WugrnGp7QjsrdZFDMxHJwMuzF6XpAmLRKofN3Eao=',0,1,0,'2019-05-09 03:38:43','2019-05-09 03:38:43'),(78,'hesham.mohamed@incorta.com','Hesham ','Mohamed ','hesham.mohamed@incorta.com','pbkdf2_sha256$10000$3lel12eUPJ47$prS8Wg8j5cwqTXgp86bZk9WtBCr7EAQEb/VGMAK0Jtg=',0,1,0,'2019-05-09 03:38:45','2019-05-09 03:38:45'),(79,'ahmed.naguib@incorta.com','Ahmed ','Naguib','ahmed.naguib@incorta.com','pbkdf2_sha256$10000$nATNyIEuEyxZ$YXNEF44qhRx3q/DZlrnXYb83ouxrRYiz629KqpxbtTE=',0,1,0,'2019-05-09 03:38:47','2019-05-09 03:38:47'),(80,'hatem.youness@incorta.com','Hatem ','youness','hatem.youness@incorta.com','pbkdf2_sha256$10000$ajkWyKbN1eUj$RYIX+0bIpU+6dI1bKe/KC6r4DuLIgPpeJmyH3kD+nlA=',0,1,0,'2019-05-09 06:20:57','2019-05-09 03:38:49'),(81,'omar.eleraky@incorta.com','Omar','Eleraky','omar.eleraky@incorta.com','pbkdf2_sha256$10000$r3jOkuapySa3$Ag27pOZG1EDj+jQ8MBKWBu224Pmd4ubK+aMnXFpwHzo=',0,1,0,'2019-05-09 03:38:50','2019-05-09 03:38:50'),(82,'mahmoud.khaled@incorta.com','Mahmoud','Khaled','mahmoud.khaled@incorta.com','pbkdf2_sha256$10000$DjCi6jsFxD5r$lW7rDXBR8bPzB2oU6D4bU0/at6weY0pjFrxIC+jlQ/4=',0,1,0,'2019-05-12 06:44:58','2019-05-09 03:38:52'),(83,'mostafa.elganainy@incorta.com','Mostafa','elganainy','mostafa.elganainy@incorta.com','pbkdf2_sha256$10000$GaVquYYtF0QK$OXUHv7/LhUTyNKxAL1Au9A6IW/MgPBuMqe3oXoV7VY8=',0,1,0,'2019-05-09 05:31:17','2019-05-09 03:38:54'),(84,'ahmed.moawad@incorta.com','Ahmed','Moawad','ahmed.moawad@incorta.com','pbkdf2_sha256$10000$KYtmDAB9y6lv$ZLW1t06lDex/QamscXSiq9Iw5BfFTZYtJZlECzA97uo=',0,1,0,'2019-05-13 18:30:24','2019-05-09 03:38:56'),(85,'mahmoud.ragab@incorta.com','Mahmoud','Ragab','mahmoud.ragab@incorta.com','pbkdf2_sha256$10000$TTtt5uxkCgIB$fGFufFn4KwPJ4l9tdOtSMtA9lKMA30yOTAnSDanK9bE=',0,1,0,'2019-05-09 03:38:58','2019-05-09 03:38:58'),(86,'mohannad.hassan@incorta.com','Mohannad','Hassan','mohannad.hassan@incorta.com','pbkdf2_sha256$10000$sohKL1TRkwLo$zzyHus4pkOcIfdgFf/AaRIVpMKa49bFVQYo1Wghx1KI=',0,1,0,'2019-05-09 04:45:13','2019-05-09 03:39:00'),(87,'ahmed.lotfy@incorta.com','Ahmed','Lotfy','ahmed.lotfy@incorta.com','pbkdf2_sha256$10000$NswGzavJ6fbT$dqlx5vYkphADk7M2LFUSVBh4P13mPVYA6lPqtxFaKEI=',0,1,0,'2019-05-09 03:39:01','2019-05-09 03:39:01'),(88,'mahmoud.bahaa@incorta.com','Mahomud','Bahaa','mahmoud.bahaa@incorta.com','pbkdf2_sha256$10000$O5xzR0yVJ3jd$nhYYmuty72+V5yXhys0YJBUFx4rOAa2Pg83d7F19Fu4=',0,1,0,'2019-05-12 17:52:11','2019-05-09 03:39:03'),(89,'amr.lotfy@incorta.com','Amr','Lotfy','amr.lotfy@incorta.com','pbkdf2_sha256$10000$Lyfso0UzHZyO$vse/WWcr/In0/DMVZPCd2ukCfdNOCNbb2JDiYUtzmuI=',0,1,0,'2019-05-09 03:39:05','2019-05-09 03:39:05'),(90,'mostafa.bakr@incorta.com','Mostafa','Bakr','mostafa.bakr@incorta.com','pbkdf2_sha256$10000$BYq6Cbje88gf$RbrHXJqWh17/6CF1UdcFxeHiwD2bYrhF3iJ1ViEqOJs=',0,1,0,'2019-05-09 03:39:07','2019-05-09 03:39:07'),(91,'shehab.mostafa@incorta.com','Shehab','Mostafa','shehab.mostafa@incorta.com','pbkdf2_sha256$10000$QWefGscqYI7d$bqjBHpzr/2EwrGTuOf9LirNtEJlfgoOhcMuo/hCFZsE=',0,1,0,'2019-05-09 03:45:38','2019-05-09 03:39:09'),(92,'amr.fawzy@incorta.com','Amr','Fawzy','amr.fawzy@incorta.com','pbkdf2_sha256$10000$oM0nmr77W0XX$1tNYBvQ6za2aBIP9biiEqogr7aEW001/ysB4gV/hDvc=',0,1,0,'2019-05-09 03:39:11','2019-05-09 03:39:11'),(93,'ahmad.ben.ali@incorta.com','Ahmad','Ben Ali','ahmad.ben.ali@incorta.com','pbkdf2_sha256$10000$vzgIr8FwdzlF$qJ/bIvcTh3laEakYFbYgYVyEkO0sb41JGmPUKJkQn6g=',0,1,0,'2019-05-09 03:39:13','2019-05-09 03:39:13'),(94,'ossama.sanosi@incorta.com','Ossama','Sanosi','ossama.sanosi@incorta.com','pbkdf2_sha256$10000$v2rg5BKj16dE$Hj/KYjOKUv1GNnym09UCl5Z6AgiTIEQgHu7YwlI6ZUY=',0,1,0,'2019-05-20 07:04:39','2019-05-09 03:39:14'),(95,'ahmad.gaber@incorta.com','Ahmad','Gaber','ahmad.gaber@incorta.com','pbkdf2_sha256$10000$OQQdLAEoSd9Q$NaYD6P4wazvcu29PGqecRRBuL8wICIVX9Kbw5ZA7Wb0=',0,1,0,'2019-05-09 03:39:16','2019-05-09 03:39:16'),(96,'Akthm.Elkhateb@incorta.com','Akthm','Elkhatib','Akthm.Elkhateb@incorta.com','pbkdf2_sha256$10000$6GgWSPyHRbQp$50oETGE2H2/+vzcm+rS1EuPMcGNYrlJqCvADHizUaeo=',0,1,0,'2019-05-09 10:57:36','2019-05-09 03:39:18'),(97,'mahmoud.elnaggar@incorta.com','Mahmoud','Elnaggar','mahmoud.elnaggar@incorta.com','pbkdf2_sha256$10000$FqfbXjeNiihE$jOOoKuNCUvuPRzmjw1IQ/WGcvjwfD3c1VitLF5FTf+A=',0,1,0,'2019-05-09 04:06:30','2019-05-09 03:39:20'),(98,'waleed.ayman@incorta.com','Waleed','Ayman','waleed.ayman@incorta.com','pbkdf2_sha256$10000$3vo03BVrWNth$LwTmpSGICGljdnr52VmMFl0DKns8eCpCH2eS6IJ3Bis=',0,1,0,'2019-05-28 05:31:53','2019-05-09 03:39:22'),(99,'waleed.hassan@incorta.com','Waleed','Hassan','waleed.hassan@incorta.com','pbkdf2_sha256$10000$J4xrReXvdrZo$3jW+E3rpl8zoah8o4FJpjuNGqzygw8WTpASK6e32DxE=',0,1,0,'2019-05-09 03:39:24','2019-05-09 03:39:24'),(100,'mohamed.saad@incorta.com','Mohamed','Saad','mohamed.saad@incorta.com','pbkdf2_sha256$10000$m0SMBlSUj3hm$pd4akmxtPiIqxmuM8POzAJ65VGJzefdjkKjPFLymVhw=',0,1,0,'2019-05-09 03:39:26','2019-05-09 03:39:26'),(101,'mohamed.sarhan@incorta.com','Mohamed','Sarhan','mohamed.sarhan@incorta.com','pbkdf2_sha256$10000$OSpV0xd48PxP$w1af3wSRIyTkL7M35Dp7oXDuZ9J2GnUiNrFvU1DatAw=',0,1,0,'2019-05-09 06:10:41','2019-05-09 03:39:28'),(102,'moemen.ebrahim@incorta.com','Moemen','Ibrahim','moemen.ebrahim@incorta.com','pbkdf2_sha256$10000$nzJQvh5qixER$AWUYrs+3obcvbjTDpQ6J5NnQNKKUS2ys5Q5HBhiV9rA=',0,1,0,'2019-05-09 04:40:14','2019-05-09 03:39:29'),(103,'shehab.elhariry@incorta.com','Shehab','ELhariry','shehab.elhariry@incorta.com','pbkdf2_sha256$10000$QSXh9GP3R7gW$1bgiJf+g2Pwn8pgusAJDameDHvB7j8K3qLI5BkmstsQ=',0,1,0,'2019-05-09 03:39:31','2019-05-09 03:39:31'),(104,'kareem.saleh@incorta.com','Kareem','Saleh','kareem.saleh@incorta.com','pbkdf2_sha256$10000$amsvVHaDfLXO$0Tyb4ve7FJh88awJZjKcF8F02RzFESFJJPHsbuju53Y=',0,1,0,'2019-05-26 03:26:36','2019-05-09 03:39:33'),(105,'ahmed.elkilany@incorta.com','Ahmed','Elkilany','ahmed.elkilany@incorta.com','pbkdf2_sha256$10000$AeNhK013gEui$VrlIpzPdl2GfUo0wxIA03QDkKcu0sGAfR+569n0tF+I=',0,1,0,'2019-05-12 19:02:01','2019-05-09 03:39:35'),(106,'omar.yousry@incorta.com','Omar','yousry','omar.yousry@incorta.com','pbkdf2_sha256$10000$6ycgAklzAtvx$Mk6njMZWfmTlus3H6yg7/t+rfpPxohmlYEtuPYKzNHw=',0,1,0,'2019-05-22 08:48:05','2019-05-09 03:39:37'),(107,'ahmed.osama@incorta.com','Ahmed','Osama','ahmed.osama@incorta.com','pbkdf2_sha256$10000$z4H2H9wDX1UX$KMuuR/ohEFnOzhHGKBnK5nHX86s1jIJ/Xb3PMUz+oW0=',0,1,0,'2019-05-09 06:17:25','2019-05-09 03:39:39'),(108,'osama.abdelkarim@incorta.com','Osama','Abdelkarim','osama.abdelkarim@incorta.com','pbkdf2_sha256$10000$ZpRV7L2pQ8ek$HFKck24HScbAcfI7feajFevhBrA/80csgc9VPExgo04=',0,1,0,'2019-05-09 04:36:08','2019-05-09 03:39:40'),(109,'ahmed.elfar@incorta.com','Ahmed','Elfar','ahmed.elfar@incorta.com','pbkdf2_sha256$10000$8N1q0JrDbJsC$4eObCQGA5gqAJbq4ajKf9bMXF4ZdxLOgMl3WJFszqgA=',0,1,0,'2019-05-12 04:29:05','2019-05-09 03:39:42'),(110,'osama.raafat@incorta.com','Osama','Ra\'afat ','osama.raafat@incorta.com','pbkdf2_sha256$10000$aLHApKlYyBgW$GiZLCYsNVeCqDrmeVnKkzg2nQVc0Sf2OVjt1jdbZ7tc=',0,1,0,'2019-05-09 05:56:07','2019-05-09 03:39:44'),(111,'eslam.khoga@incorta.com','Eslam','Elkhoga','eslam.khoga@incorta.com','pbkdf2_sha256$10000$qVPq7jd7FFx6$eAXgvKov/QG1M58IGSWE8JyfHYXOMNeLmRYEYZIcBpM=',0,1,0,'2019-05-09 03:49:48','2019-05-09 03:39:46'),(112,'hadeer.mohamed@incorta.com','Hadeer','Mohamed','hadeer.mohamed@incorta.com','pbkdf2_sha256$10000$gbsTPVIH1olr$P2dpEN2Ftdf24YQ7nOYRSt9cJlnvo3Zg1MPmHIOE5ts=',0,1,0,'2019-05-09 09:41:44','2019-05-09 03:39:48'),(113,'Aya.adel@incorta.com','Aya','Adel','Aya.adel@incorta.com','pbkdf2_sha256$10000$9UopPkfP4P1o$KSLdoqx1umrom+kfbh75/XrjcZEpDy3ZjqaM/IqnYJs=',0,1,0,'2019-05-09 03:39:50','2019-05-09 03:39:50'),(114,'omar.saad@incorta.com','Omar','Saad','omar.saad@incorta.com','pbkdf2_sha256$10000$yAKW8nHKZjVn$xhGutt9RQ5u8qxvovq0iCnukOy2cvETvUc/ftf8XOEY=',0,1,0,'2019-05-12 04:40:11','2019-05-09 03:39:52'),(115,'Noureen.heiba@incorta.com','Noureen','Heeba','Noureen.heiba@incorta.com','pbkdf2_sha256$10000$4UH9N0mzTT7G$VSU078oBPuKOmXKsZiK976nWpUF21rdw01HlMuyBV4s=',0,1,0,'2019-05-09 03:39:53','2019-05-09 03:39:53'),(116,'nehal.mostafa@incorta.com','Nihal','Mostafa','nehal.mostafa@incorta.com','pbkdf2_sha256$10000$4YPNeAQK9ybk$bkETUZTk1xD41vS1MYm71iDi+CATWqqYNPrg6uYs3uc=',0,1,0,'2019-05-09 03:39:55','2019-05-09 03:39:55'),(117,'shady.mohamed@incorta.com','Shady','Mohamed','shady.mohamed@incorta.com','pbkdf2_sha256$10000$Zp3J64UZ3Epd$X4icM5tbWZT7VocmsgbYMJghib+O9ZNQMPX2CvtCqAc=',0,1,0,'2019-05-09 05:20:38','2019-05-09 03:39:57'),(118,'ahmed.abdelbaset@incorta.com','Ahmed','Abdelbaset','ahmed.abdelbaset@incorta.com','pbkdf2_sha256$10000$AhMlnTBkAi6s$1sfikpfggHOdVTHFfPSRMrlsRlzJdw8pql/7u1H9+kE=',0,1,0,'2019-05-09 03:39:59','2019-05-09 03:39:59'),(119,'islam.muezzin@incorta.com','Islam','El-Muezzin','islam.muezzin@incorta.com','pbkdf2_sha256$10000$XzRkEbZVQeCV$b0lbuR7qck/bATrEI68szDQWtfYr2YhSqFoIjE6CXxI=',0,1,0,'2019-05-13 04:07:37','2019-05-09 03:40:01'),(120,'mohamed.zakaria@incorta.com','Mohamed','Zakaria','mohamed.zakaria@incorta.com','pbkdf2_sha256$10000$tbUqQrXFJSZg$HB/CnNOY2E2y7e+Y5ccLCnSVzcURKoi32yH3NS6yE1I=',0,1,0,'2019-05-26 15:54:52','2019-05-09 03:40:03'),(121,'ahmed.helmi@incorta.com','Ahmed','Helmi','ahmed.helmi@incorta.com','pbkdf2_sha256$10000$9JlAUqtuVeUG$QbGdyNpB0a55uQzgyBMjC5VYnDsi00aAVrqLENCsbf8=',0,1,0,'2019-05-13 04:31:30','2019-05-09 03:40:04'),(122,'moatz.ahmed@incorta.com','Moatz','Ahmed','moatz.ahmed@incorta.com','pbkdf2_sha256$10000$46Wu8d7yCvzh$PUipJk8A1ghK386eMOk/9YPk9ToN9VBmFm7RIkvvhSo=',0,1,0,'2019-05-13 10:48:53','2019-05-09 03:40:06'),(123,'bahaa.zidan@incorta.com','Bahaa','Zidan','bahaa.zidan@incorta.com','pbkdf2_sha256$10000$2TjfyS2xWNgU$+d4MWsXVbsZJPUjvA0fpvAMnt2s9Wk0BIMdyXaydogY=',0,1,0,'2019-05-09 03:55:31','2019-05-09 03:40:08'),(124,'ahmed.sobhy@incorta.com','Ahmed','Sobhy','ahmed.sobhy@incorta.com','pbkdf2_sha256$10000$3AL4x95qdUfi$0ahmKgLZXG98YZxuz+4KfpkfxkSsZsbn22aW3fzxLrU=',0,1,0,'2019-05-09 04:05:10','2019-05-09 03:40:10'),(125,'selim.alawwa@incorta.com','Selim','Elawwa','selim.alawwa@incorta.com','pbkdf2_sha256$10000$qmJlDKvqpo5h$0q9VFlAMYOsQ2v6AL7BOwlu23sPOd+sZBixDE39SiOQ=',0,1,0,'2019-05-09 03:40:12','2019-05-09 03:40:12'),(126,'rabia.nasr@incorta.com','Rabia','Nasr','rabia.nasr@incorta.com','pbkdf2_sha256$10000$Luy3cbMgjS9Q$Q778j89OAFgWi8usuDPQHRZ3a9ljg0sFT5vrr+FUUPQ=',0,1,0,'2019-05-09 05:27:55','2019-05-09 03:40:14'),(127,'mahmoud.tarrasse@incorta.com','Mahmoud','ELtarras','mahmoud.tarrasse@incorta.com','pbkdf2_sha256$10000$3LHDkqn6kj3e$tUabUeVznx9GO+kLpVe5kZy2i7Fxh0k2dQPm2IpbWSo=',0,1,0,'2019-05-12 18:28:32','2019-05-09 03:40:16'),(128,'heba.gado@incorta.com','Heba','Gado','heba.gado@incorta.com','pbkdf2_sha256$10000$0kdeYkPzJsmY$fxNuNrQLfGsqEGjgj9E6XSbKdHosmzdjejJShsHLhWo=',0,1,0,'2019-05-15 05:04:14','2019-05-09 03:40:17'),(129,'noah.orensa@incorta.com','Noah','Orensa','noah.orensa@incorta.com','pbkdf2_sha256$10000$SL5voRue7UeK$anZTrt/ckGJ9OtV4/juncrzv56VlhHa2mAqJmMIS3zI=',0,1,0,'2019-05-09 03:40:19','2019-05-09 03:40:19'),(130,'muhammad.magdi@incorta.com','Mohamed','Magdi','muhammad.magdi@incorta.com','pbkdf2_sha256$10000$TetNhnpHZtN5$XBo66sZic9MhF/IcanHK0+XFc1joHbnhHtAMmdfKT68=',0,1,0,'2019-05-22 10:31:14','2019-05-09 03:40:21'),(131,'ahmed.faheem@incorta.com','Ahmed','Faheem','ahmed.faheem@incorta.com','pbkdf2_sha256$10000$O43kQLhouGEK$DWeJMW5Ejy+HMK1w2oTH+HAdhnc6+RqYJib9tVTZxKA=',0,1,0,'2019-05-09 03:40:23','2019-05-09 03:40:23'),(132,'amit.kothari@incorta.com','Amit ','Kothari','amit.kothari@incorta.com','pbkdf2_sha256$10000$3aEJTx3AT3pl$EfOV59AfzmLU/m3n5rBIjMFtw8aDm7WNXfDh2uGmzFg=',0,1,0,'2019-05-09 03:40:25','2019-05-09 03:40:25'),(133,'ashwin.warrier@incorta.com','Ashwin ','Warrier','ashwin.warrier@incorta.com','pbkdf2_sha256$10000$5Sw76WRokucK$DnLkY4oPpT9ZdQkpOH9mOZJpq+TnGd1QFXYUmOapfzE=',0,1,0,'2019-05-17 11:07:03','2019-05-09 03:40:27'),(134,'danish.khan@incorta.com','Danish ','Khan','danish.khan@incorta.com','pbkdf2_sha256$10000$1A3MwEXNnu5N$qv125yWzBBXN/E4XGe21VfIa2Yc5igHQQk3CSdkfKCE=',0,1,0,'2019-05-16 15:19:49','2019-05-09 03:40:29'),(135,'divya.ramachandran@incorta.com','Divya ','Ramachandran','divya.ramachandran@incorta.com','pbkdf2_sha256$10000$ZLWKtvqoMafd$S7L48mntTiBgNz+vEAt3cO+8Sfz2MErP1Q12PYdXvp4=',0,1,0,'2019-05-09 03:40:30','2019-05-09 03:40:30'),(136,'dylan.wan@incorta.com','Dylan ','Wan','dylan.wan@incorta.com','pbkdf2_sha256$10000$qCgNqPnIcKdv$s/kV9+GRl3rfRviy/BL4tuRo6vFMRZGrPc5STZ8/O4w=',0,1,0,'2019-05-17 17:44:08','2019-05-09 03:40:32'),(137,'hannah.kirk@incorta.com','Hannah ','Kirk','hannah.kirk@incorta.com','pbkdf2_sha256$10000$15Ks7KeKReja$AMSEUJ69By+wfdhzDgPqbkoJvunyZm+UV4ImCjZk/mY=',0,1,0,'2019-05-14 13:23:35','2019-05-09 03:40:34'),(138,'hichem.sellami@incorta.com','Hichem ','Sellami','hichem.sellami@incorta.com','pbkdf2_sha256$10000$ojlQiEiwGJhh$JHksM7xibhZNLqk/N5sUgXer1wg7veMfEPBw7ifyNeo=',0,1,0,'2019-05-09 03:40:36','2019-05-09 03:40:36'),(139,'hidetoshi.futagawa@incorta.com','Hidetoshi ','Futagawa','hidetoshi.futagawa@incorta.com','pbkdf2_sha256$10000$i1PFy7JviByR$u3AD+bOkWZ1Hqb005jU5RNBcXbrgvcp4sVei+MMI4TQ=',0,1,0,'2019-05-18 14:38:06','2019-05-09 03:40:38'),(140,'kevin.ip@incorta.com','Kevin ','Ip','kevin.ip@incorta.com','pbkdf2_sha256$10000$CA6bglhb4U9j$V8m+3zooGFvFCbeqJXBHl6mqZVGSjMuQODZe1cL9334=',0,1,0,'2019-05-16 15:28:03','2019-05-09 03:40:40'),(141,'mark.wells@incorta.com','Mark ','Wells','mark.wells@incorta.com','pbkdf2_sha256$10000$mAnIl1LHXcB2$nwqbja4x256bkLYKH4uZWSzgmLC9K3Kc8SdAHdhxEsA=',0,1,0,'2019-05-18 09:42:50','2019-05-09 03:40:41'),(142,'mateen.mohamed@incorta.com','Mateen ','Mohamed','mateen.mohamed@incorta.com','pbkdf2_sha256$10000$U78gHZ7NaYig$KpjnDiSlbuxudez4hqGWZHxmAkYubIc7ooewkWNNBhc=',0,1,0,'2019-05-09 03:40:43','2019-05-09 03:40:43'),(143,'matthew.halliday@incorta.com','Matthew ','Halliday','matthew.halliday@incorta.com','pbkdf2_sha256$10000$F7xqO4SqdJIv$rUy7owWFm9VkKO2JSp7vpEbVI4nWLdvpcGY9QUv3DvU=',0,1,0,'2019-05-21 18:11:28','2019-05-09 03:40:45'),(144,'mazen.arar@incorta.com','Mazen ','Arar','mazen.arar@incorta.com','pbkdf2_sha256$10000$dttAH2Mg190Z$JiM5276u+f2yoSSaGYYcYx9dKB6WdYnRk4xRRW+EXN0=',0,1,0,'2019-05-21 16:00:43','2019-05-09 03:40:47'),(145,'melody.cheung@incorta.com','Melody ','Cheung','melody.cheung@incorta.com','pbkdf2_sha256$10000$PXFwgJLFyxMC$GX5onMyqsAYv9wmmBh+FN2Vy2hJ7FRxMA5eBDSQmI+w=',0,1,0,'2019-05-09 03:40:49','2019-05-09 03:40:49'),(146,'mohamed.dekhil@incorta.com ','Mohamed ','Dekhil ','mohamed.dekhil@incorta.com','pbkdf2_sha256$10000$YBZY5oURYjdI$GHHAcAgxaf0jcsBptzNyXA04oge82/PJIBMGDnPN6oA=',0,1,0,'2019-05-30 15:16:28','2019-05-09 03:40:51'),(147,'mohit.saggi@incorta.com','Mohit ','Saggi','mohit.saggi@incorta.com','pbkdf2_sha256$10000$V6NdSYBtDura$bJbEdEIfOocLM0yAiMdoGc9j4q2bmalvn2YD8qVOTlk=',0,1,0,'2019-05-09 03:40:52','2019-05-09 03:40:52'),(148,'nikita.z@incorta.com','Nikita ','Z','nikita.z@incorta.com','pbkdf2_sha256$10000$U7fsWG1jjpjd$dpGKCJchqwBrriHONMcwRVtA4EFyQgOe1/ES4VlAf9E=',0,1,0,'2019-05-09 06:56:06','2019-05-09 03:40:54'),(149,'omar.eldardiry@incorta.com','Omar ','El-Dardiry','omar.eldardiry@incorta.com','pbkdf2_sha256$10000$S7aR9Jb4uHJ3$WTGLZRN5cxMjUCQZocnUCF69d5YzUopG6WBRdx4bcLA=',0,1,0,'2019-05-09 03:40:56','2019-05-09 03:40:56'),(150,'sean.willis@incorta.com','Sean ','Willis','sean.willis@incorta.com','pbkdf2_sha256$10000$Bvi43crNGZ3g$m2B4PnG1lbD0kSqGndg9aEtEimyD5Y2C36gvp6DPIGA=',0,1,0,'2019-05-09 03:40:58','2019-05-09 03:40:58'),(151,'shinji.yoshida@incorta.com','Shinji ','Yoshida','shinji.yoshida@incorta.com','pbkdf2_sha256$10000$EIppjEEFt8RK$JKtuvBo/GJhLidQCwFE4Lrbnbljwnoth5e+sc33GY00=',0,1,0,'2019-05-09 03:41:00','2019-05-09 03:41:00'),(152,'tomoji.ashitani@incorta.com','Tomoji ','Ashitani','tomoji.ashitani@incorta.com','pbkdf2_sha256$10000$vjhJWrRcU1pd$qQwHZ3G8Ug4B9MjqClfSnZcZrUXYIxMO69GK71iMIvc=',0,1,0,'2019-05-17 19:03:59','2019-05-09 03:41:02'),(153,'vassili.zarouba@incorta.com','Vassili ','Zarouba','vassili.zarouba@incorta.com','pbkdf2_sha256$10000$kQ2NE4vpX2SH$qWhFPSBbawBZJBVnFfETpNpjEjLU1q5Xnvved9gnUJA=',0,1,0,'2019-05-09 03:41:04','2019-05-09 03:41:04'),(154,'ziyad.dahbour@incorta.com','Ziyad ','Dahbour','ziyad.dahbour@incorta.com','pbkdf2_sha256$10000$gE1ZNY4YIku5$akGd6GS4TTKBQo1gaTMjUo+oEX9P2eRR9yqRCja7XXw=',0,1,0,'2019-05-09 03:41:05','2019-05-09 03:41:05'),(156,'daniel.brock@incorta.com','Dan ','Brock','daniel.brock@incorta.com','pbkdf2_sha256$10000$oGjbrkIXKTfx$ooBs3jXWIFimnA/kS4FnrZxICJO4PUIS9Xqqa9L1mLI=',0,1,0,'2019-05-16 03:28:56','2019-05-16 03:28:56'),(157,'dustin.basil@incorta.com','Dustin ','Basil','dustin.basil@incorta.com','pbkdf2_sha256$10000$Urc8XTr6pIQP$EbV4UX+tkridsgJ6PmY3lTDaxGLyGiOh0mmZPPn+mL8=',0,1,0,'2019-05-16 03:28:58','2019-05-16 03:28:58'),(158,'seth.luersen@incorta.com','Seth ','Luersen','seth.luersen@incorta.com','pbkdf2_sha256$10000$qo7nPbBH3Ln4$jAzzy5kuAgdxu2QgR7/MBeTTZDZYCxFJdF8Ohun6HMI=',0,1,0,'2019-05-21 18:14:18','2019-05-16 03:29:00'),(159,'imran.shamim@incorta.com','Imran ','Shamim','imran.shamim@incorta.com','pbkdf2_sha256$10000$gIUQOtiRHeRS$m2GH3iGfRXwyyppk4D2kvI+sYeOSvxYRLyg/CcxV35Y=',0,1,0,'2019-05-16 03:29:02','2019-05-16 03:29:02'),(160,'dave.wrubel@incorta.com','Dave ','Wrubel','dave.wrubel@incorta.com','pbkdf2_sha256$10000$pip0PaboBGeZ$7xVQwgWxofXR4QnE2dFVlaQZST/3yQjYocI8PWmu6MM=',0,1,0,'2019-05-21 18:48:11','2019-05-16 03:29:04'),(161,'amar.ravi@incorta.com','Amar ','Ravi','amar.ravi@incorta.com','pbkdf2_sha256$10000$bTJuPHXQD6RG$UKog6QHs1vNq+fb67Cv2aAGMOYIyd9F74NsqbvDIrjE=',0,1,0,'2019-05-16 03:29:06','2019-05-16 03:29:06'),(162,'siva.kowsika@incorta.com','Siva ','Kowsika','siva.kowsika@incorta.com','pbkdf2_sha256$10000$E6ZoQ2s0Pzta$TDE3/LggGyqfudvBRF7DLAuuDoWAF3qQX19Llnkq5oA=',0,1,0,'2019-05-16 03:29:08','2019-05-16 03:29:08'),(163,'tate.hanawalt@incorta.com','Tate ','Hanawalt','tate.hanawalt@incorta.com','pbkdf2_sha256$10000$uzzLWmz79qv6$HKDyBE+/XLbOXMPiEES3ufP97tMuRK2Mccw+8SFvmdk=',0,1,0,'2019-05-16 11:00:10','2019-05-16 03:29:10'),(164,'philip.pollard@incorta.com','Philip ','Pollard','philip.pollard@incorta.com','pbkdf2_sha256$10000$BsKR41aAgDB3$EYQpajTdUfXRsxYmrbTzY4UzuCptYOLoz8kJtfBIkyM=',0,1,0,'2019-05-16 03:29:11','2019-05-16 03:29:11'),(165,'jeff.wilgus@incorta.com','Jeff','Wilgus ','jeff.wilgus@incorta.com','pbkdf2_sha256$10000$cjNbh6GRqLHc$RtLSTweGMWZU8sbILVlPwQYQaajdzYlzmHrXMyHov+g=',0,1,0,'2019-05-16 03:29:13','2019-05-16 03:29:13'),(166,'tristan.barrientos@incorta.com','tristan','barrientos','tristan.barrientos@incorta.com','pbkdf2_sha256$10000$OPwVzlLHPmYF$slnfLwfZ+n3tleu/moG1zP07lM9LtbOfRlHHJUiofyk=',0,1,0,'2019-05-16 11:23:00','2019-05-16 03:29:15'),(167,'ali','ali','osama','ali.osama202095@yahoo.com','pbkdf2_sha256$180000$SzExow72MC5y$snLslLa3sLeyX49mCtnT2HrKoHubPylW0SLjyx76bI4=',1,1,1,'2020-03-23 22:01:06','2019-05-16 03:29:15');
/*!40000 ALTER TABLE `auth_user` ENABLE KEYS */;
UNLOCK TABLES;

--
-- Table structure for table `auth_user_groups`
--

DROP TABLE IF EXISTS `auth_user_groups`;
/*!40101 SET @saved_cs_client     = @@character_set_client */;
/*!50503 SET character_set_client = utf8mb4 */;
CREATE TABLE `auth_user_groups` (
  `id` int NOT NULL AUTO_INCREMENT,
  `user_id` int NOT NULL,
  `group_id` int NOT NULL,
  PRIMARY KEY (`id`),
  UNIQUE KEY `user_id` (`user_id`,`group_id`),
  KEY `auth_user_groups_403f60f` (`user_id`),
  KEY `auth_user_groups_425ae3c4` (`group_id`)
) ENGINE=InnoDB DEFAULT CHARSET=latin1;
/*!40101 SET character_set_client = @saved_cs_client */;

--
-- Dumping data for table `auth_user_groups`
--

LOCK TABLES `auth_user_groups` WRITE;
/*!40000 ALTER TABLE `auth_user_groups` DISABLE KEYS */;
/*!40000 ALTER TABLE `auth_user_groups` ENABLE KEYS */;
UNLOCK TABLES;

--
-- Table structure for table `auth_user_user_permissions`
--

DROP TABLE IF EXISTS `auth_user_user_permissions`;
/*!40101 SET @saved_cs_client     = @@character_set_client */;
/*!50503 SET character_set_client = utf8mb4 */;
CREATE TABLE `auth_user_user_permissions` (
  `id` int NOT NULL AUTO_INCREMENT,
  `user_id` int NOT NULL,
  `permission_id` int NOT NULL,
  PRIMARY KEY (`id`),
  UNIQUE KEY `user_id` (`user_id`,`permission_id`),
  KEY `auth_user_user_permissions_403f` (`user_id`),
  KEY `auth_user_user_permissions_1e01` (`permission_id`)
) ENGINE=InnoDB DEFAULT CHARSET=latin1;
/*!40101 SET character_set_client = @saved_cs_client */;

--
-- Dumping data for table `auth_user_user_permissions`
--

LOCK TABLES `auth_user_user_permissions` WRITE;
/*!40000 ALTER TABLE `auth_user_user_permissions` DISABLE KEYS */;
/*!40000 ALTER TABLE `auth_user_user_permissions` ENABLE KEYS */;
UNLOCK TABLES;

--
-- Table structure for table `cache`
--

DROP TABLE IF EXISTS `cache`;
/*!40101 SET @saved_cs_client     = @@character_set_client */;
/*!50503 SET character_set_client = utf8mb4 */;
CREATE TABLE `cache` (
  `cache_key` varchar(255) NOT NULL,
  `value` longtext NOT NULL,
  `expires` datetime NOT NULL,
  PRIMARY KEY (`cache_key`),
  KEY `cache_expires` (`expires`)
) ENGINE=MyISAM DEFAULT CHARSET=latin1;
/*!40101 SET character_set_client = @saved_cs_client */;

--
-- Dumping data for table `cache`
--

LOCK TABLES `cache` WRITE;
/*!40000 ALTER TABLE `cache` DISABLE KEYS */;
/*!40000 ALTER TABLE `cache` ENABLE KEYS */;
UNLOCK TABLES;

--
-- Table structure for table `django_admin_log`
--

DROP TABLE IF EXISTS `django_admin_log`;
/*!40101 SET @saved_cs_client     = @@character_set_client */;
/*!50503 SET character_set_client = utf8mb4 */;
CREATE TABLE `django_admin_log` (
  `id` int NOT NULL AUTO_INCREMENT,
  `action_time` datetime NOT NULL,
  `user_id` int NOT NULL,
  `content_type_id` int DEFAULT NULL,
  `object_id` longtext,
  `object_repr` varchar(200) NOT NULL,
  `action_flag` smallint unsigned NOT NULL,
  `change_message` longtext NOT NULL,
  PRIMARY KEY (`id`),
  KEY `django_admin_log_403f60f` (`user_id`),
  KEY `django_admin_log_1bb8f392` (`content_type_id`)
) ENGINE=InnoDB DEFAULT CHARSET=latin1;
/*!40101 SET character_set_client = @saved_cs_client */;

--
-- Dumping data for table `django_admin_log`
--

LOCK TABLES `django_admin_log` WRITE;
/*!40000 ALTER TABLE `django_admin_log` DISABLE KEYS */;
/*!40000 ALTER TABLE `django_admin_log` ENABLE KEYS */;
UNLOCK TABLES;

--
-- Table structure for table `django_content_type`
--

DROP TABLE IF EXISTS `django_content_type`;
/*!40101 SET @saved_cs_client     = @@character_set_client */;
/*!50503 SET character_set_client = utf8mb4 */;
CREATE TABLE `django_content_type` (
  `id` int NOT NULL AUTO_INCREMENT,
  `name` varchar(100) NOT NULL,
  `app_label` varchar(100) NOT NULL,
  `model` varchar(100) NOT NULL,
  PRIMARY KEY (`id`),
  UNIQUE KEY `app_label` (`app_label`,`model`)
) ENGINE=InnoDB AUTO_INCREMENT=32 DEFAULT CHARSET=latin1;
/*!40101 SET character_set_client = @saved_cs_client */;

--
-- Dumping data for table `django_content_type`
--

LOCK TABLES `django_content_type` WRITE;
/*!40000 ALTER TABLE `django_content_type` DISABLE KEYS */;
INSERT INTO `django_content_type` VALUES (1,'permission','auth','permission'),(2,'group','auth','group'),(3,'user','auth','user'),(4,'message','auth','message'),(5,'content type','contenttypes','contenttype'),(6,'session','sessions','session'),(7,'site','sites','site'),(8,'answer range','survey','answerrange'),(9,'mcq answer','survey','mcqanswer'),(10,'log entry','admin','logentry'),(11,'role','survey','role'),(12,'indicator','survey','indicator'),(13,'characteristic category','survey','characteristiccategory'),(14,'characteristic','survey','characteristic'),(15,'practice','survey','practice'),(16,'user profile','survey','userprofile'),(17,'answer','survey','answer'),(18,'macro','survey','macro'),(19,'report password','survey','reportpassword'),(20,'demographic','survey','demographic'),(22,'demographic value','survey','demographicvalue'),(23,'user demographics','survey','userdemographics'),(24,'migration history','south','migrationhistory'),(25,'instance setting','survey','instancesetting'),(26,'message','survey','message'),(27,'comment','survey','comment'),(28,'email','email_sender','email'),(29,'users waiting list','survey','userswaitinglist'),(30,'email template','email_sender','emailtemplate'),(31,'candidate','user_management','candidate');
/*!40000 ALTER TABLE `django_content_type` ENABLE KEYS */;
UNLOCK TABLES;

--
-- Table structure for table `django_migrations`
--

DROP TABLE IF EXISTS `django_migrations`;
/*!40101 SET @saved_cs_client     = @@character_set_client */;
/*!50503 SET character_set_client = utf8mb4 */;
CREATE TABLE `django_migrations` (
  `id` int NOT NULL AUTO_INCREMENT,
  `app` varchar(255) NOT NULL,
  `name` varchar(255) NOT NULL,
  `applied` datetime(6) NOT NULL,
  PRIMARY KEY (`id`)
) ENGINE=InnoDB AUTO_INCREMENT=21 DEFAULT CHARSET=utf8;
/*!40101 SET character_set_client = @saved_cs_client */;

--
-- Dumping data for table `django_migrations`
--

LOCK TABLES `django_migrations` WRITE;
/*!40000 ALTER TABLE `django_migrations` DISABLE KEYS */;
INSERT INTO `django_migrations` VALUES (1,'contenttypes','0001_initial','2020-03-08 22:54:01.161704'),(2,'auth','0001_initial','2020-03-08 22:54:01.188037'),(3,'admin','0001_initial','2020-03-08 22:54:01.195018'),(4,'admin','0002_logentry_remove_auto_add','2020-03-08 22:54:01.202994'),(5,'admin','0003_logentry_add_action_flag_choices','2020-03-08 22:54:01.208981'),(6,'contenttypes','0002_remove_content_type_name','2020-03-08 22:54:01.218361'),(7,'auth','0002_alter_permission_name_max_length','2020-03-08 22:54:01.224936'),(8,'auth','0003_alter_user_email_max_length','2020-03-08 22:54:01.231918'),(9,'auth','0004_alter_user_username_opts','2020-03-08 22:54:01.239895'),(10,'auth','0005_alter_user_last_login_null','2020-03-08 22:54:01.246877'),(11,'auth','0006_require_contenttypes_0002','2020-03-08 22:54:01.257858'),(12,'auth','0007_alter_validators_add_error_messages','2020-03-08 22:54:01.264834'),(13,'auth','0008_alter_user_username_max_length','2020-03-08 22:54:01.272808'),(14,'auth','0009_alter_user_last_name_max_length','2020-03-08 22:54:01.280788'),(15,'auth','0010_alter_group_name_max_length','2020-03-08 22:54:01.289762'),(16,'auth','0011_update_proxy_permissions','2020-03-08 22:54:01.297742'),(17,'sessions','0001_initial','2020-03-08 22:54:01.305719'),(18,'sites','0001_initial','2020-03-08 22:54:01.321678'),(19,'sites','0002_alter_domain_unique','2020-03-08 22:54:01.328791'),(20,'user_management','0001_initial','2020-03-09 00:14:55.022802');
/*!40000 ALTER TABLE `django_migrations` ENABLE KEYS */;
UNLOCK TABLES;

--
-- Table structure for table `django_session`
--

DROP TABLE IF EXISTS `django_session`;
/*!40101 SET @saved_cs_client     = @@character_set_client */;
/*!50503 SET character_set_client = utf8mb4 */;
CREATE TABLE `django_session` (
  `session_key` varchar(40) NOT NULL,
  `session_data` longtext NOT NULL,
  `expire_date` datetime NOT NULL,
  PRIMARY KEY (`session_key`),
  KEY `django_session_3da3d3d8` (`expire_date`)
) ENGINE=InnoDB DEFAULT CHARSET=latin1;
/*!40101 SET character_set_client = @saved_cs_client */;

--
-- Dumping data for table `django_session`
--

LOCK TABLES `django_session` WRITE;
/*!40000 ALTER TABLE `django_session` DISABLE KEYS */;
INSERT INTO `django_session` VALUES ('023d7f19fc68a12445d998f9ce73533d','ZGRhZWI3NDQyZmYzMDNjM2RhMmFkYmE4ZmVkZTBiOGQ0M2M5Njk5ODqAAn1xAShVDV9hdXRoX3Vz\nZXJfaWSKAqAAVRJfYXV0aF91c2VyX2JhY2tlbmRVKWRqYW5nby5jb250cmliLmF1dGguYmFja2Vu\nZHMuTW9kZWxCYWNrZW5kcQJ1Lg==\n','2019-06-04 18:48:11'),('06a9fcf4ef1855e44cd66e7f102703be','ODdjZTE0NjkzZTI4MjE5NDUxZWI4ZmEyODQ5YWY3MDBhYTAxN2QyNjqAAn1xAShVEl9hdXRoX3Vz\nZXJfYmFja2VuZHECVSlkamFuZ28uY29udHJpYi5hdXRoLmJhY2tlbmRzLk1vZGVsQmFja2VuZHED\nVQ1fYXV0aF91c2VyX2lkcQSKAVh1Lg==\n','2019-05-26 17:52:11'),('09e498ea664860e00a2513a2efd8b3c5','NDJmMTk4MDk5ZmQyMTg1Yzc0Y2RlNzA3NTg4ZDUxMDc2Nzk1OWRhOTqAAn1xAS4=\n','2019-06-01 09:42:33'),('0c4a922a706b859442407bc9a0f87d3c','MjBmNDlhZTkyZDlmMzI5YzZlYTVjNzM3ODhhZmZiZTE1ZTllYjdiNjqAAn1xAShVEl9hdXRoX3Vz\nZXJfYmFja2VuZHECVSlkamFuZ28uY29udHJpYi5hdXRoLmJhY2tlbmRzLk1vZGVsQmFja2VuZHED\nVQ1fYXV0aF91c2VyX2lkcQSKATN1Lg==\n','2019-05-29 06:51:33'),('0cfa702def34dc2ba9b00e3130ee1ddc','NzcxZTgxMDQxZTBkZjNhZDcxNzdmYjc3ZjllNGQ3MzY3ZWIzMmYwYTqAAn1xAShVEl9hdXRoX3Vz\nZXJfYmFja2VuZHECVSlkamFuZ28uY29udHJpYi5hdXRoLmJhY2tlbmRzLk1vZGVsQmFja2VuZHED\nVQ1fYXV0aF91c2VyX2lkcQSKAUB1Lg==\n','2019-05-26 18:19:21'),('10d6a229fa883c6eb5235bb50348a6dc','YzFlMDU3YmNmNjMzZjI1Njc4NGY2ZGZmZjk1OWFiOWM0NzUwMWEyOTqAAn1xAShVEl9hdXRoX3Vz\nZXJfYmFja2VuZHECVSlkamFuZ28uY29udHJpYi5hdXRoLmJhY2tlbmRzLk1vZGVsQmFja2VuZHED\nVQ1fYXV0aF91c2VyX2lkcQSKAXJ1Lg==\n','2019-05-26 04:40:11'),('11a5f50f5b5d8750ac66675e858a1190','YThjY2ZhNzdlOWNlODYzYTI3NDdjN2FiMWQ3YjIwMjk0MmI1YjdkZjqAAn1xAShVEl9hdXRoX3Vz\nZXJfYmFja2VuZHECVSlkamFuZ28uY29udHJpYi5hdXRoLmJhY2tlbmRzLk1vZGVsQmFja2VuZHED\nVQ1fYXV0aF91c2VyX2lkcQSKAXB1Lg==\n','2019-05-23 09:41:44'),('1207445bee0020ab0602082b57a0507b','YThjY2ZhNzdlOWNlODYzYTI3NDdjN2FiMWQ3YjIwMjk0MmI1YjdkZjqAAn1xAShVEl9hdXRoX3Vz\nZXJfYmFja2VuZHECVSlkamFuZ28uY29udHJpYi5hdXRoLmJhY2tlbmRzLk1vZGVsQmFja2VuZHED\nVQ1fYXV0aF91c2VyX2lkcQSKAXB1Lg==\n','2019-05-23 06:35:57'),('143e430131c80167c238b57ae2aa2c8c','NTkxY2I4YzAwYzExMjI0YTIxNWI4MmI0ZGRkZGE5N2JlOTdlYjA4OTqAAn1xAShVEl9hdXRoX3Vz\nZXJfYmFja2VuZHECVSlkamFuZ28uY29udHJpYi5hdXRoLmJhY2tlbmRzLk1vZGVsQmFja2VuZHED\nVQ1fYXV0aF91c2VyX2lkcQSKAQV1Lg==\n','2019-04-08 15:40:21'),('1441bf61e4b1b45382ed93a3d8222717','MjZjZTI0NmE2Y2ZiMjI3MDk3YTBlNzc2ZTBjMDg1ZTAwYjc4ZjVlNzqAAn1xAShVEl9hdXRoX3Vz\nZXJfYmFja2VuZHECVSlkamFuZ28uY29udHJpYi5hdXRoLmJhY2tlbmRzLk1vZGVsQmFja2VuZHED\nVQ1fYXV0aF91c2VyX2lkcQSKASZ1Lg==\n','2019-05-27 04:23:11'),('181a584258328e6fa3a5438fa1c1bef3','NGY2YTE5MmQwMDNjNDNjNGNmZjQyNzI3ZjBlZjVjOWMzZTYwOWZmZjqAAn1xAShVEl9hdXRoX3Vz\nZXJfYmFja2VuZHECVSlkamFuZ28uY29udHJpYi5hdXRoLmJhY2tlbmRzLk1vZGVsQmFja2VuZHED\nVQ1fYXV0aF91c2VyX2lkcQSKAVN1Lg==\n','2019-05-23 05:31:17'),('185c3e4dd482a1e998ed66b487274f88','MThlYWI4OTU3M2UwNGI5Y2JmNDE0MmI1ZjM0NzM1NmE0ODNhYjdhZDqAAn1xAShVEl9hdXRoX3Vz\nZXJfYmFja2VuZHECVSlkamFuZ28uY29udHJpYi5hdXRoLmJhY2tlbmRzLk1vZGVsQmFja2VuZHED\nVQ1fYXV0aF91c2VyX2lkcQSKAowAdS4=\n','2019-05-30 15:28:03'),('18e1877d2bebac0e9bb538ebdc202c96','YjdmYmEzMjAyYmUwNzFkYjU4MmIwYWNmZmRhMWJiY2M2N2NiOWFjMjqAAn1xAShVDV9hdXRoX3Vz\nZXJfaWSKAQFVEl9hdXRoX3VzZXJfYmFja2VuZFUpZGphbmdvLmNvbnRyaWIuYXV0aC5iYWNrZW5k\ncy5Nb2RlbEJhY2tlbmRxAnUu\n','2019-06-07 17:55:35'),('198d8110ee89575ec2f2caec99bc5f9a','OWJlOGEwODVmZjVjYmZjZTI3MDVhODg2OGVhNmMyYzNmNThmOTRjNTqAAn1xAShVEl9hdXRoX3Vz\nZXJfYmFja2VuZHECVSlkamFuZ28uY29udHJpYi5hdXRoLmJhY2tlbmRzLk1vZGVsQmFja2VuZHED\nVQ1fYXV0aF91c2VyX2lkcQSKAokAdS4=\n','2019-05-28 13:23:35'),('1efd29b89bf118e3abd64f7cc6b732db','ZTZhMDljYjcwN2QwYzU0MzNlYjNhYzA1MDlkNDgxZjZkZDU2MjFlZjqAAn1xAShVEl9hdXRoX3Vz\nZXJfYmFja2VuZHECVSlkamFuZ28uY29udHJpYi5hdXRoLmJhY2tlbmRzLk1vZGVsQmFja2VuZHED\nVQ1fYXV0aF91c2VyX2lkcQSKAXd1Lg==\n','2019-05-27 04:07:37'),('1fef3cb5ffce6729c95c1e3045a2b595','NWFmMjU4M2VkMzRkOTA0MzI2OTBjZjUxOTViZDBmMzliYmM1ZmM4MzqAAn1xAShVEl9hdXRoX3Vz\nZXJfYmFja2VuZHECVSlkamFuZ28uY29udHJpYi5hdXRoLmJhY2tlbmRzLk1vZGVsQmFja2VuZHED\nVQ1fYXV0aF91c2VyX2lkcQSKApAAdS4=\n','2019-06-04 16:00:43'),('21860d076d2b47e83999f75570318a29','ZWZmYjRiZjUwOWI0YThhMTI0NmRkZmViMGNkYTMwYjVlNDcxZDI5YjqAAn1xAShVEl9hdXRoX3Vz\nZXJfYmFja2VuZHECVSlkamFuZ28uY29udHJpYi5hdXRoLmJhY2tlbmRzLk1vZGVsQmFja2VuZHED\nVQ1fYXV0aF91c2VyX2lkcQSKAUZ1Lg==\n','2019-05-28 06:49:06'),('226c91a24bda3464b44a1848da65504e','NmM0ZTFlMDMwYjYwZTA0OWQ1MGE3ZjJjNDg3MDA1NjVlNmNkYzZmMzqAAn1xAShVEl9hdXRoX3Vz\nZXJfYmFja2VuZHECVSlkamFuZ28uY29udHJpYi5hdXRoLmJhY2tlbmRzLk1vZGVsQmFja2VuZHED\nVQ1fYXV0aF91c2VyX2lkcQSKASt1Lg==\n','2019-05-27 07:16:56'),('233d1c28066a4b735b200cff44dce0c3','M2I5OGQ3NTc4MGJmODNjOWQ4ZDNmMDE0MDgzZWQ5YzFiZDk2NGM2NjqAAn1xAShVEl9hdXRoX3Vz\nZXJfYmFja2VuZHECVSlkamFuZ28uY29udHJpYi5hdXRoLmJhY2tlbmRzLk1vZGVsQmFja2VuZHED\nVQ1fYXV0aF91c2VyX2lkcQSKATp1Lg==\n','2019-05-27 04:09:18'),('28910f348dbd88cb6695bfa3992e49f4','NjQ0ODlkN2EyYmVlNWI2ODQzOWFmMzkyMmI4NjE1Y2JmM2JhZTg3MjqAAn1xAShVEl9hdXRoX3Vz\nZXJfYmFja2VuZHECVSlkamFuZ28uY29udHJpYi5hdXRoLmJhY2tlbmRzLk1vZGVsQmFja2VuZHED\nVQ1fYXV0aF91c2VyX2lkcQSKATJ1Lg==\n','2019-05-29 12:35:02'),('2983e8aebc960c198d6d0645181cd264','NjY0MmRlN2VhNmQyYTZjZjE2ZDJjOTdmMjk5Y2JhNjI2NzQ1ZjEwNDqAAn1xAShVEl9hdXRoX3Vz\nZXJfYmFja2VuZHECVSlkamFuZ28uY29udHJpYi5hdXRoLmJhY2tlbmRzLk1vZGVsQmFja2VuZHED\nVQ1fYXV0aF91c2VyX2lkcQSKAWZ1Lg==\n','2019-05-23 04:40:14'),('29dff1ccdde6e30eba31666e45cff4fd','MzM0NjdmYjgyNjYzZDViZTZmZWQwYmE3MDZlMjhjMDhiNWIzODQ3OTqAAn1xAShVEl9hdXRoX3Vz\nZXJfYmFja2VuZHECVSlkamFuZ28uY29udHJpYi5hdXRoLmJhY2tlbmRzLk1vZGVsQmFja2VuZHED\nVQ1fYXV0aF91c2VyX2lkcQSKAWB1Lg==\n','2019-05-23 10:57:36'),('2c391144edef3a363ff5600f0d5fae7f','ZWY0M2NlNzRmNzliMGRlMzI4ZTU0MDNlYTEyNzlmNDEyMDhkZjMyYjqAAn1xAShVEl9hdXRoX3Vz\nZXJfYmFja2VuZHECVSlkamFuZ28uY29udHJpYi5hdXRoLmJhY2tlbmRzLk1vZGVsQmFja2VuZHED\nVQ1fYXV0aF91c2VyX2lkcQSKAogAdS4=\n','2019-05-31 17:44:08'),('2f2655b4acbc992fbaec5b2e2bf69859','MjhhM2NlMzIwNDU0NmJlZTQ5MjY5ZDJjYjY5YjVhM2FmZjIwYzk4MDqAAn1xAShVEl9hdXRoX3Vz\nZXJfYmFja2VuZHECVSlkamFuZ28uY29udHJpYi5hdXRoLmJhY2tlbmRzLk1vZGVsQmFja2VuZHED\nVQ1fYXV0aF91c2VyX2lkcQSKAoYAdS4=\n','2019-05-30 15:19:49'),('2f98e4f983b6864b925144a965ad1bb5','MWVmOTQ1NDg2YjhjYjUxNzk1OTVkNTU5MzI3MWI1YjFiZjZlNmVkYzqAAn1xAShVEl9hdXRoX3Vz\nZXJfYmFja2VuZHECVSlkamFuZ28uY29udHJpYi5hdXRoLmJhY2tlbmRzLk1vZGVsQmFja2VuZHED\nVQ1fYXV0aF91c2VyX2lkcQSKAUR1Lg==\n','2019-05-23 05:35:01'),('320e22204293bf8a108a1190fc891ebf','NjBhNGNlNTFkYzQzYjFlYjAxZjg5MjFmM2FkOGVkNTA1MDNmZWIxNDqAAn1xAShVEl9hdXRoX3Vz\nZXJfYmFja2VuZHECVSlkamFuZ28uY29udHJpYi5hdXRoLmJhY2tlbmRzLk1vZGVsQmFja2VuZHED\nVQ1fYXV0aF91c2VyX2lkcQSKAQF1Lg==\n','2019-05-23 10:16:33'),('3336199fd4735994746bb6001cc0dbba','NGUxNTkwNDJjZGM0MDE5MmI4NDVlMDZjNGE2MjdkODNhMGM1MzIzOTqAAn1xAVUKdGVzdGNvb2tp\nZXECVQZ3b3JrZWRxA3Mu\n','2019-05-31 13:49:20'),('358b7e1a26e3a11880b087e9bb61b5b0','ZmQxNjcyMjM4NGIzZGM4OWUwNmMxMDdkMGJmMTBhZDUwMDYyODNkOTqAAn1xAVUKdGVzdGNvb2tp\nZVUGd29ya2VkcQJzLg==\n','2019-05-12 11:12:10'),('3dd012723f906e1968d41c4820e49866','YmUxZTY4OTJmZmVmOTI5ZWE2YTNhYTA4YWMyNmYwYzZhMWI5YWU4MDqAAn1xAShVEl9hdXRoX3Vz\nZXJfYmFja2VuZHECVSlkamFuZ28uY29udHJpYi5hdXRoLmJhY2tlbmRzLk1vZGVsQmFja2VuZHED\nVQ1fYXV0aF91c2VyX2lkcQSKAXh1Lg==\n','2019-06-09 15:54:52'),('3f9509202b14350ffb763a10c3852127','YzliNmI3M2NjNGI1NTkzMzg2NDRkYzNlMDY2N2Q4MWRjMGRjYzYyNjqAAn1xAShVEl9hdXRoX3Vz\nZXJfYmFja2VuZHECVSlkamFuZ28uY29udHJpYi5hdXRoLmJhY2tlbmRzLk1vZGVsQmFja2VuZHED\nVQ1fYXV0aF91c2VyX2lkcQSKASF1Lg==\n','2019-05-25 08:03:30'),('405e020e0d4aef3743fb2f9845320606','NGUxNTkwNDJjZGM0MDE5MmI4NDVlMDZjNGE2MjdkODNhMGM1MzIzOTqAAn1xAVUKdGVzdGNvb2tp\nZXECVQZ3b3JrZWRxA3Mu\n','2019-05-31 13:49:18'),('405f1060b1d3b55e2d11f391cd65bbb5','MjczNjAzMGIwMzdjMGQ5M2U2NTRhMTQ2ODg2ZWY0YmMzYWRiZTg0YTqAAn1xAShVDV9hdXRoX3Vz\nZXJfaWSKAUpVEl9hdXRoX3VzZXJfYmFja2VuZFUpZGphbmdvLmNvbnRyaWIuYXV0aC5iYWNrZW5k\ncy5Nb2RlbEJhY2tlbmRxAnUu\n','2019-05-29 04:21:04'),('40caf22d61e0b2d0704dac7b2f9d3614','YWQ2Mzk0YzVjM2E4MjI1ZDhiMmFiODMyYTBmODYwOTFmMzM3MDAxNzqAAn1xAShVEl9hdXRoX3Vz\nZXJfYmFja2VuZHECVSlkamFuZ28uY29udHJpYi5hdXRoLmJhY2tlbmRzLk1vZGVsQmFja2VuZHED\nVQ1fYXV0aF91c2VyX2lkcQSKAoIAdS4=\n','2019-06-05 10:15:28'),('476eb6f9e9933ae2e2e80aab1c0986aa','MzdhMDJlYzRlNGEzZmM2MDY5YjIyYjg4ZTZiOWU0ZTAzZTVjZGY3NjqAAn1xAShVEl9hdXRoX3Vz\nZXJfYmFja2VuZHECVSlkamFuZ28uY29udHJpYi5hdXRoLmJhY2tlbmRzLk1vZGVsQmFja2VuZHED\nVQ1fYXV0aF91c2VyX2lkcQSKAX91Lg==\n','2019-05-26 18:28:32'),('48433bf543b220f4d2f53f48ed9ed791','MDdiNzc0OGNmMzEwMTdkNDEyNzcyZWViZDk2ODU1OGJjOTBhZjk4ZDqAAn1xAShVEl9hdXRoX3Vz\nZXJfYmFja2VuZHECVSlkamFuZ28uY29udHJpYi5hdXRoLmJhY2tlbmRzLk1vZGVsQmFja2VuZHED\nVQ1fYXV0aF91c2VyX2lkcQSKARl1Lg==\n','2019-05-22 07:58:47'),('49096fa2e9fda7896167a48fe5e2b97d','NjBhNGNlNTFkYzQzYjFlYjAxZjg5MjFmM2FkOGVkNTA1MDNmZWIxNDqAAn1xAShVEl9hdXRoX3Vz\nZXJfYmFja2VuZHECVSlkamFuZ28uY29udHJpYi5hdXRoLmJhY2tlbmRzLk1vZGVsQmFja2VuZHED\nVQ1fYXV0aF91c2VyX2lkcQSKAQF1Lg==\n','2019-04-08 12:39:35'),('493f2df7b3152e623902e194b2e74696','MWM3NGFhYTgyNGQ5NTk3NDQ5YmNmYzhiNjc0OWZmMzEzYWVlNGJkNTqAAn1xAShVEl9hdXRoX3Vz\nZXJfYmFja2VuZHECVSlkamFuZ28uY29udHJpYi5hdXRoLmJhY2tlbmRzLk1vZGVsQmFja2VuZHED\nVQ1fYXV0aF91c2VyX2lkcQSKAVZ1Lg==\n','2019-05-23 04:45:13'),('4b11df48867517c1027b83c66b3d23c4','Y2NjZjBiYmRlNDk1Y2Y3MDljNDdhMTAzNDU4NDU2Y2YyM2U3NTJkODqAAn1xAShVEl9hdXRoX3Vz\nZXJfYmFja2VuZHECVSlkamFuZ28uY29udHJpYi5hdXRoLmJhY2tlbmRzLk1vZGVsQmFja2VuZHED\nVQ1fYXV0aF91c2VyX2lkcQSKATF1Lg==\n','2019-05-29 03:42:53'),('51931dc530e6708e2faa6b859b68d890','NGQyZTRhZTA5OTljMDJmNzg0MmJmNDMzMDYxYzI5NDY1MDJkNGRmODqAAn1xAShVEl9hdXRoX3Vz\nZXJfYmFja2VuZHECVSlkamFuZ28uY29udHJpYi5hdXRoLmJhY2tlbmRzLk1vZGVsQmFja2VuZHED\nVQ1fYXV0aF91c2VyX2lkcQSKAWh1Lg==\n','2019-06-09 03:26:36'),('52207db88e286c2460f395c05d35fe16','NGUxNTkwNDJjZGM0MDE5MmI4NDVlMDZjNGE2MjdkODNhMGM1MzIzOTqAAn1xAVUKdGVzdGNvb2tp\nZXECVQZ3b3JrZWRxA3Mu\n','2019-05-31 13:49:12'),('536aa21583c3103b7901cd86a2239194','NjBhNGNlNTFkYzQzYjFlYjAxZjg5MjFmM2FkOGVkNTA1MDNmZWIxNDqAAn1xAShVEl9hdXRoX3Vz\nZXJfYmFja2VuZHECVSlkamFuZ28uY29udHJpYi5hdXRoLmJhY2tlbmRzLk1vZGVsQmFja2VuZHED\nVQ1fYXV0aF91c2VyX2lkcQSKAQF1Lg==\n','2019-06-10 07:59:33'),('57ec758bb0073db6bde1b4ed3aba9dbf','ZGJlMWJjN2ZhNjNhNjhmNjhhNjhkOTMyMDc3NTg3NDI3NTA0YTQ5ODqAAn1xAShVEl9hdXRoX3Vz\nZXJfYmFja2VuZHECVSlkamFuZ28uY29udHJpYi5hdXRoLmJhY2tlbmRzLk1vZGVsQmFja2VuZHED\nVQ1fYXV0aF91c2VyX2lkcQSKAqMAdS4=\n','2019-05-30 11:00:10'),('59040e83ef0032f82e3dddd4cb092569','YzJkMzFmYTAxMzE0ZDhhZDA0ZGU1Y2M5N2Y3YzJiMTI4M2RjYmM0OTqAAn1xAShVEl9hdXRoX3Vz\nZXJfYmFja2VuZHECVSlkamFuZ28uY29udHJpYi5hdXRoLmJhY2tlbmRzLk1vZGVsQmFja2VuZHED\nVQ1fYXV0aF91c2VyX2lkcQSKAoUAdS4=\n','2019-05-31 11:07:03'),('5b10d8c2e3fc4471e06c9f9b77e8f718','NzJlNjJlODJiYmE2ODY0ZTMxYTk4ZTVhNzRhNzQ2MjFhZGM5OTM2YzqAAn1xAShVEl9hdXRoX3Vz\nZXJfYmFja2VuZHECVSlkamFuZ28uY29udHJpYi5hdXRoLmJhY2tlbmRzLk1vZGVsQmFja2VuZHED\nVQ1fYXV0aF91c2VyX2lkcQSKATR1Lg==\n','2019-05-29 02:55:11'),('5bd4866481e0a619a820aae5ebbe643e','NGUxNTkwNDJjZGM0MDE5MmI4NDVlMDZjNGE2MjdkODNhMGM1MzIzOTqAAn1xAVUKdGVzdGNvb2tp\nZXECVQZ3b3JrZWRxA3Mu\n','2019-05-31 13:49:16'),('5d3187ec37090854cbecf06c7653b048','OGI1NTMzYzcwNDc2MTFjYWVkMmE3Mzg3OTgyY2M3MjkxY2ZkODQ1MDqAAn1xAShVEl9hdXRoX3Vz\nZXJfYmFja2VuZHECVSlkamFuZ28uY29udHJpYi5hdXRoLmJhY2tlbmRzLk1vZGVsQmFja2VuZHED\nVQ1fYXV0aF91c2VyX2lkcQSKAXt1Lg==\n','2019-05-23 03:55:31'),('5f66802cee89144d9dfbfac684b8272e','NmFjM2VhYjkzZWM4NWMxZjhkM2IxOWRmYjQ3ZmNiODJjZDg3NzI1MTqAAn1xAShVEl9hdXRoX3Vz\nZXJfYmFja2VuZHECVSlkamFuZ28uY29udHJpYi5hdXRoLmJhY2tlbmRzLk1vZGVsQmFja2VuZHED\nVQ1fYXV0aF91c2VyX2lkcQSKAWl1Lg==\n','2019-05-26 19:02:01'),('60c672c73bcbed0dee271bc0649e218c','YjdmYmEzMjAyYmUwNzFkYjU4MmIwYWNmZmRhMWJiY2M2N2NiOWFjMjqAAn1xAShVDV9hdXRoX3Vz\nZXJfaWSKAQFVEl9hdXRoX3VzZXJfYmFja2VuZFUpZGphbmdvLmNvbnRyaWIuYXV0aC5iYWNrZW5k\ncy5Nb2RlbEJhY2tlbmRxAnUu\n','2019-04-01 13:26:45'),('62f289900b5d04fe3b8607048890382d','NmMyOTNhYmQ2ZTc1NDBiZWNiNzFjMTI5NDEyMTk1MmEzYzM3OGNmNzqAAn1xAShVEl9hdXRoX3Vz\nZXJfYmFja2VuZHECVSlkamFuZ28uY29udHJpYi5hdXRoLmJhY2tlbmRzLk1vZGVsQmFja2VuZHED\nVQ1fYXV0aF91c2VyX2lkcQSKApIAdS4=\n','2019-06-13 15:16:28'),('660969ebc2d0e2d61b0d375057eea119','NGUxNTkwNDJjZGM0MDE5MmI4NDVlMDZjNGE2MjdkODNhMGM1MzIzOTqAAn1xAVUKdGVzdGNvb2tp\nZXECVQZ3b3JrZWRxA3Mu\n','2019-05-11 14:12:01'),('676ef21db62d272a817e253169c56346','NGUxNTkwNDJjZGM0MDE5MmI4NDVlMDZjNGE2MjdkODNhMGM1MzIzOTqAAn1xAVUKdGVzdGNvb2tp\nZXECVQZ3b3JrZWRxA3Mu\n','2019-05-31 13:49:26'),('69fce0906b4fb5393a5b8bcf179e1c0e','OTY0ZGE5NzBlZDM0MjM0NjA1ZTY0ZTEzYThlZjE2NDBlNzYzOGVhOTqAAn1xAShVEl9hdXRoX3Vz\nZXJfYmFja2VuZHECVSlkamFuZ28uY29udHJpYi5hdXRoLmJhY2tlbmRzLk1vZGVsQmFja2VuZHED\nVQ1fYXV0aF91c2VyX2lkcQSKAVR1Lg==\n','2019-05-27 18:30:24'),('6df624419ac719c9e0efa59c597ed506','NjBhNGNlNTFkYzQzYjFlYjAxZjg5MjFmM2FkOGVkNTA1MDNmZWIxNDqAAn1xAShVEl9hdXRoX3Vz\nZXJfYmFja2VuZHECVSlkamFuZ28uY29udHJpYi5hdXRoLmJhY2tlbmRzLk1vZGVsQmFja2VuZHED\nVQ1fYXV0aF91c2VyX2lkcQSKAQF1Lg==\n','2019-05-26 06:30:54'),('7302ef2561952fe82bc91b938620d9b1','MzE4YWNhZmMyMmVhMjZhMmU0OWQyZGU4ODY0NWQ4ZmQ4OTVkYjYxMjqAAn1xAShVEl9hdXRoX3Vz\nZXJfYmFja2VuZHECVSlkamFuZ28uY29udHJpYi5hdXRoLmJhY2tlbmRzLk1vZGVsQmFja2VuZHED\nVQ1fYXV0aF91c2VyX2lkcQSKApQAdS4=\n','2019-05-23 06:56:06'),('749da3d2281cf218cba8b6632821e2fe','NGUxNTkwNDJjZGM0MDE5MmI4NDVlMDZjNGE2MjdkODNhMGM1MzIzOTqAAn1xAVUKdGVzdGNvb2tp\nZXECVQZ3b3JrZWRxA3Mu\n','2019-05-31 13:49:17'),('7941664712a0c5f4847a3b6b637e65aa','ZDVmYjZiZmYzMWUzYjBjOTI4ZTIyODJmOWMzOGVjZTQ4MGIwMTQ1ODqAAn1xAShVEl9hdXRoX3Vz\nZXJfYmFja2VuZHECVSlkamFuZ28uY29udHJpYi5hdXRoLmJhY2tlbmRzLk1vZGVsQmFja2VuZHED\nVQ1fYXV0aF91c2VyX2lkcQSKASh1Lg==\n','2019-05-23 08:23:26'),('7a49a3cae3880d18a138388d06437c02','OWE0NjIyNmM1NTJjMTAzOWVkZjliN2M4MDYzZjU1OGNmMTk1ZDM1OTqAAn1xAShVEl9hdXRoX3Vz\nZXJfYmFja2VuZHECVSlkamFuZ28uY29udHJpYi5hdXRoLmJhY2tlbmRzLk1vZGVsQmFja2VuZHED\nVQ1fYXV0aF91c2VyX2lkcQSKASd1Lg==\n','2019-05-29 03:18:31'),('7af3a118051b215b8f6551107e624ce7','MjdmNTBkMjFiM2YxNmZiNzRjY2NhMmJkNDQwNGVkMDY2ZGJlZDBhMzqAAn1xAShVEl9hdXRoX3Vz\nZXJfYmFja2VuZHECVSlkamFuZ28uY29udHJpYi5hdXRoLmJhY2tlbmRzLk1vZGVsQmFja2VuZHED\nVQ1fYXV0aF91c2VyX2lkcQSKAoAAdS4=\n','2019-05-29 05:04:14'),('7b0efc533d14ee2e1fd1668ec584dd0d','NGUxNTkwNDJjZGM0MDE5MmI4NDVlMDZjNGE2MjdkODNhMGM1MzIzOTqAAn1xAVUKdGVzdGNvb2tp\nZXECVQZ3b3JrZWRxA3Mu\n','2019-05-31 13:49:23'),('8423e28b0f3ef359d2f202bc7061b6e4','YjhhNDJkYTk2OTUwOGU1Mjc3YTNkNzFkOTdhYmE5Y2IxM2Q2OTU1MzqAAn1xAShVEl9hdXRoX3Vz\nZXJfYmFja2VuZHECVSlkamFuZ28uY29udHJpYi5hdXRoLmJhY2tlbmRzLk1vZGVsQmFja2VuZHED\nVQ1fYXV0aF91c2VyX2lkcQSKASN1Lg==\n','2019-06-05 09:46:00'),('894550ad412987d4fc90fe137c5d0140','NjBhNGNlNTFkYzQzYjFlYjAxZjg5MjFmM2FkOGVkNTA1MDNmZWIxNDqAAn1xAShVEl9hdXRoX3Vz\nZXJfYmFja2VuZHECVSlkamFuZ28uY29udHJpYi5hdXRoLmJhY2tlbmRzLk1vZGVsQmFja2VuZHED\nVQ1fYXV0aF91c2VyX2lkcQSKAQF1Lg==\n','2019-05-18 17:19:29'),('8b11974260e31e440bc76f5b8cf00f44','YzE3MzkxNjA3MDRjZWUwN2RmZDBiZjBkY2MzY2VkODVjYzNjYmExYTqAAn1xAShVEl9hdXRoX3Vz\nZXJfYmFja2VuZHECVSlkamFuZ28uY29udHJpYi5hdXRoLmJhY2tlbmRzLk1vZGVsQmFja2VuZHED\nVQ1fYXV0aF91c2VyX2lkcQSKAT51Lg==\n','2019-05-26 10:21:19'),('8c1ae090a65304261d642bbedd2fb472','NGU5NDAwYjI3Y2Y4YTQ5MmYwZTZiYjNiOTFjMGJkMDBmNmVlM2Y2ODqAAn1xAShVEl9hdXRoX3Vz\nZXJfYmFja2VuZHECVSlkamFuZ28uY29udHJpYi5hdXRoLmJhY2tlbmRzLk1vZGVsQmFja2VuZHED\nVQ1fYXV0aF91c2VyX2lkcQSKAXx1Lg==\n','2019-05-23 04:05:10'),('8ce0c236f469c461c9f08ac9ffcabe9a','NjQ0ZWZlMDA1ZWIzN2MzYmY4N2JiMGE0ZTEzNTg4NjMxNGExMTgyYjqAAn1xAShVEl9hdXRoX3Vz\nZXJfYmFja2VuZHECVSlkamFuZ28uY29udHJpYi5hdXRoLmJhY2tlbmRzLk1vZGVsQmFja2VuZHED\nVQ1fYXV0aF91c2VyX2lkcQSKAVJ1Lg==\n','2019-05-26 06:44:58'),('8d2379d2d93c902d3d1856bb50827663','MzA2MDZlMzI3ZmNjMWEyZDVkYmZjYzIxYWU4OTVlMjc4MjJjNWIwMDqAAn1xAShVEl9hdXRoX3Vz\nZXJfYmFja2VuZHECVSlkamFuZ28uY29udHJpYi5hdXRoLmJhY2tlbmRzLk1vZGVsQmFja2VuZHED\nVQ1fYXV0aF91c2VyX2lkcQSKAS91Lg==\n','2019-05-23 09:01:58'),('8f53b1abb6a100f9e960ecb43f237fca','NGUxNTkwNDJjZGM0MDE5MmI4NDVlMDZjNGE2MjdkODNhMGM1MzIzOTqAAn1xAVUKdGVzdGNvb2tp\nZXECVQZ3b3JrZWRxA3Mu\n','2019-05-13 11:17:18'),('90d99dc5846a56e77fe39ae4d63df2a3','YmYzMDljMzgwOGQyODFmMzNhNDViYzU4MGI0MGUzZmY1ODA1OWQ1YTqAAn1xAShVEl9hdXRoX3Vz\nZXJfYmFja2VuZHECVSlkamFuZ28uY29udHJpYi5hdXRoLmJhY2tlbmRzLk1vZGVsQmFja2VuZHED\nVQ1fYXV0aF91c2VyX2lkcQSKAqYAdS4=\n','2019-05-30 11:23:00'),('92ee46f2c3761c95ff338bbaa8555e1f','MGM4MjRlMzcwYzA3YzhkMmYwYmI3NTQ3ZWNkNmY3YzkzYjJmMjE0NzqAAn1xAShVEl9hdXRoX3Vz\nZXJfYmFja2VuZHECVSlkamFuZ28uY29udHJpYi5hdXRoLmJhY2tlbmRzLk1vZGVsQmFja2VuZHED\nVQ1fYXV0aF91c2VyX2lkcQSKATx1Lg==\n','2019-05-24 20:30:20'),('961f9fa9c32d11b73742c088e306db04','MDhhODk0OWZhZDEwOGQ2YjNhMTJmOWE0ZmE1NTAzYjc5YjY3ZThhYzqAAn1xAShVEl9hdXRoX3Vz\nZXJfYmFja2VuZHECVSlkamFuZ28uY29udHJpYi5hdXRoLmJhY2tlbmRzLk1vZGVsQmFja2VuZHED\nVQ1fYXV0aF91c2VyX2lkcQSKAW91Lg==\n','2019-05-23 03:49:48'),('963b0c172dd48886982a101d1c38f13e','NDA1NjM4MTUxOTg1Yjg1OTJhY2Q5ODE5ZDUwNzgwYzI0NDQ1MmRkMDqAAn1xAShVEl9hdXRoX3Vz\nZXJfYmFja2VuZHECVSlkamFuZ28uY29udHJpYi5hdXRoLmJhY2tlbmRzLk1vZGVsQmFja2VuZHED\nVQ1fYXV0aF91c2VyX2lkcQSKAWJ1Lg==\n','2019-05-23 06:09:47'),('9a381681be1785e3a8875fb33c34d725','OTViNTcyZTAwZWM4YmE4Y2JiMzQxNWY0M2JiNzg5YjRjMTdmNDg3NzqAAn1xAShVEl9hdXRoX3Vz\nZXJfYmFja2VuZHECVSlkamFuZ28uY29udHJpYi5hdXRoLmJhY2tlbmRzLk1vZGVsQmFja2VuZHED\nVQ1fYXV0aF91c2VyX2lkcQSKAS11Lg==\n','2019-05-23 04:58:26'),('9e1f3f8be006857082bb8cc9675b73d4','NGUxNTkwNDJjZGM0MDE5MmI4NDVlMDZjNGE2MjdkODNhMGM1MzIzOTqAAn1xAVUKdGVzdGNvb2tp\nZXECVQZ3b3JrZWRxA3Mu\n','2019-05-30 03:50:30'),('a1aa63bc607a1c34c036fc6731915df8','YzQ5ZDY4OTA2ZWEzNTIzOGY5M2FhNGY4MmQ4YTVjZTJjODUzMjEyOTqAAn1xAShVEl9hdXRoX3Vz\nZXJfYmFja2VuZHECVSlkamFuZ28uY29udHJpYi5hdXRoLmJhY2tlbmRzLk1vZGVsQmFja2VuZHED\nVQ1fYXV0aF91c2VyX2lkcQSKASl1Lg==\n','2019-05-27 07:16:30'),('a21714a7046d944335670579b9b13b47','MDM1NWZjOWQ3YWY3NzhiYWRkZWNmYThlZjYwMzM3MDgyYWYzMmE0YjqAAn1xAShVEl9hdXRoX3Vz\nZXJfYmFja2VuZHECVSlkamFuZ28uY29udHJpYi5hdXRoLmJhY2tlbmRzLk1vZGVsQmFja2VuZHED\nVQ1fYXV0aF91c2VyX2lkcQSKAp4AdS4=\n','2019-06-04 18:14:18'),('a4aa58ef14970a5935e848aa1b1810c6','OWE2YTEwYmYwYWI2NDFlN2EwYzc1MjNjZDQwY2UyMDRjNzA3YTRmZDqAAn1xAShVEl9hdXRoX3Vz\nZXJfYmFja2VuZHECVSlkamFuZ28uY29udHJpYi5hdXRoLmJhY2tlbmRzLk1vZGVsQmFja2VuZHED\nVQ1fYXV0aF91c2VyX2lkcQSKAW11Lg==\n','2019-05-26 04:29:05'),('ab06dd37029e28db9d85fdd57f4829fe','NjBhNGNlNTFkYzQzYjFlYjAxZjg5MjFmM2FkOGVkNTA1MDNmZWIxNDqAAn1xAShVEl9hdXRoX3Vz\nZXJfYmFja2VuZHECVSlkamFuZ28uY29udHJpYi5hdXRoLmJhY2tlbmRzLk1vZGVsQmFja2VuZHED\nVQ1fYXV0aF91c2VyX2lkcQSKAQF1Lg==\n','2019-04-08 12:36:54'),('ab1a346e694eae0f993a1701e0e646de','YjdmYmEzMjAyYmUwNzFkYjU4MmIwYWNmZmRhMWJiY2M2N2NiOWFjMjqAAn1xAShVDV9hdXRoX3Vz\nZXJfaWSKAQFVEl9hdXRoX3VzZXJfYmFja2VuZFUpZGphbmdvLmNvbnRyaWIuYXV0aC5iYWNrZW5k\ncy5Nb2RlbEJhY2tlbmRxAnUu\n','2019-05-16 08:25:43'),('ab236f4915b670929dda07c4fb4c8a50','NDJmMTk4MDk5ZmQyMTg1Yzc0Y2RlNzA3NTg4ZDUxMDc2Nzk1OWRhOTqAAn1xAS4=\n','2019-06-01 09:48:24'),('add9c0fcf97a0891556e5600d1eec829','Mjg5MWQwMThlNzIwODc0ZGQyM2JmN2Q1Y2RlZTVhZTMyNzA5NTcyNjqAAn1xAShVEl9hdXRoX3Vz\nZXJfYmFja2VuZHECVSlkamFuZ28uY29udHJpYi5hdXRoLmJhY2tlbmRzLk1vZGVsQmFja2VuZHED\nVQ1fYXV0aF91c2VyX2lkcQSKAXp1Lg==\n','2019-05-27 10:48:53'),('ae75066375d9714456963feaaba198e6','Yjg4NTRlMGQ4M2U4OTJhZmE3MTQyZWQwNjY0ZTcyYzVjN2VkMmE2NTqAAn1xAShVEl9hdXRoX3Vz\nZXJfYmFja2VuZHECVSlkamFuZ28uY29udHJpYi5hdXRoLmJhY2tlbmRzLk1vZGVsQmFja2VuZHED\nVQ1fYXV0aF91c2VyX2lkcQSKAUd1Lg==\n','2019-05-28 05:55:12'),('b15ab7c06d66260c6e0d7c28cfa89f66','YmMzMGQ4YmM2YjRmZjVjZGMzMmE2MGY3OWM0ZjYzODhmZmY2YjQ2NDqAAn1xAShVEl9hdXRoX3Vz\nZXJfYmFja2VuZHECVSlkamFuZ28uY29udHJpYi5hdXRoLmJhY2tlbmRzLk1vZGVsQmFja2VuZHED\nVQ1fYXV0aF91c2VyX2lkcQSKATZ1Lg==\n','2019-05-23 11:08:04'),('b206a6f1ab1357f25ccdc469164010f3','NzcxZTgxMDQxZTBkZjNhZDcxNzdmYjc3ZjllNGQ3MzY3ZWIzMmYwYTqAAn1xAShVEl9hdXRoX3Vz\nZXJfYmFja2VuZHECVSlkamFuZ28uY29udHJpYi5hdXRoLmJhY2tlbmRzLk1vZGVsQmFja2VuZHED\nVQ1fYXV0aF91c2VyX2lkcQSKAUB1Lg==\n','2019-05-27 04:57:36'),('b2172c3f793516067a32ccdf15d6ab0a','ZTAxMjExYzRhNWJlNGJjMjY0ZmJiYjA3M2M0MTQzNGEzYmI4ZDM3YjqAAn1xAShVEl9hdXRoX3Vz\nZXJfYmFja2VuZHECVSlkamFuZ28uY29udHJpYi5hdXRoLmJhY2tlbmRzLk1vZGVsQmFja2VuZHED\nVQ1fYXV0aF91c2VyX2lkcQSKAV51Lg==\n','2019-06-03 07:04:39'),('b23eb0c54a9cd7c726ca5ee8a4ab11ac','YjFiZDMxMGE2MWViNGRiYTQ1Zjc4MzYyNzYyZjZhNWJhZmI3MTU3NzqAAn1xAShVEl9hdXRoX3Vz\nZXJfYmFja2VuZHECVSlkamFuZ28uY29udHJpYi5hdXRoLmJhY2tlbmRzLk1vZGVsQmFja2VuZHED\nVQ1fYXV0aF91c2VyX2lkcQSKATh1Lg==\n','2019-06-01 15:49:21'),('b4f56cf83bfd366e805de44e281eabeb','NGUxNTkwNDJjZGM0MDE5MmI4NDVlMDZjNGE2MjdkODNhMGM1MzIzOTqAAn1xAVUKdGVzdGNvb2tp\nZXECVQZ3b3JrZWRxA3Mu\n','2019-05-24 14:35:03'),('b65524ec3cfaf09786ff9ea7a37138f7','Zjc5MGQ1YTdlOWU3ZTUyMThmOWU2OGNlYWU0YWYyZGE2ZWRmZTMyNTqAAn1xAShVEl9hdXRoX3Vz\nZXJfYmFja2VuZHECVSlkamFuZ28uY29udHJpYi5hdXRoLmJhY2tlbmRzLk1vZGVsQmFja2VuZHED\nVQ1fYXV0aF91c2VyX2lkcQSKASJ1Lg==\n','2019-06-02 03:25:19'),('b91bc35432b8e8fc5594fb5e3f3a668d','ZWY0M2NlNzRmNzliMGRlMzI4ZTU0MDNlYTEyNzlmNDEyMDhkZjMyYjqAAn1xAShVEl9hdXRoX3Vz\nZXJfYmFja2VuZHECVSlkamFuZ28uY29udHJpYi5hdXRoLmJhY2tlbmRzLk1vZGVsQmFja2VuZHED\nVQ1fYXV0aF91c2VyX2lkcQSKAogAdS4=\n','2019-05-30 19:50:27'),('b9b4aebfb8a216a8c459de94f9fbde0d','NGQyZTRhZTA5OTljMDJmNzg0MmJmNDMzMDYxYzI5NDY1MDJkNGRmODqAAn1xAShVEl9hdXRoX3Vz\nZXJfYmFja2VuZHECVSlkamFuZ28uY29udHJpYi5hdXRoLmJhY2tlbmRzLk1vZGVsQmFja2VuZHED\nVQ1fYXV0aF91c2VyX2lkcQSKAWh1Lg==\n','2019-05-23 09:35:54'),('bcaf563af89319a883a48093de21b070','NzgzYmE3YTRhODA1ZjcyOTJmY2ZjODc2MzI0Mzk5NDZkZDMzMWQ2MzqAAn1xAShVEl9hdXRoX3Vz\nZXJfYmFja2VuZHECVSlkamFuZ28uY29udHJpYi5hdXRoLmJhY2tlbmRzLk1vZGVsQmFja2VuZHED\nVQ1fYXV0aF91c2VyX2lkcQSKAUF1Lg==\n','2019-05-26 03:45:26'),('bda653031e7b288e1cc347ad40a46629','YjE1ZGQ4MjM3YWZkYzUzNzc3YWU5YWI3N2RmNGQ0ZDQzYzg4MDQ4NzqAAn1xAShVEl9hdXRoX3Vz\nZXJfYmFja2VuZHECVSlkamFuZ28uY29udHJpYi5hdXRoLmJhY2tlbmRzLk1vZGVsQmFja2VuZHED\nVQ1fYXV0aF91c2VyX2lkcQSKAWt1Lg==\n','2019-05-23 06:17:25'),('be2ec2805fd4705a5e2ac198810ed1d4','OWNmNjBmZjljNTdkYzI4MGZiYWUxM2ViNDExYTY5MWQzZDY2ZTZmMjqAAn1xAShVEl9hdXRoX3Vz\nZXJfYmFja2VuZHECVSlkamFuZ28uY29udHJpYi5hdXRoLmJhY2tlbmRzLk1vZGVsQmFja2VuZHED\nVQ1fYXV0aF91c2VyX2lkcQSKAWx1Lg==\n','2019-05-23 04:36:08'),('c1e95d9d0fb34028a6bf31cad4bd30c8','NjJiZDE4MGNlOGFmNmQ5NzJlYmNhZTFmMjAwZWU0MThlMDU3YzliYjqAAn1xAShVEl9hdXRoX3Vz\nZXJfYmFja2VuZHECVSlkamFuZ28uY29udHJpYi5hdXRoLmJhY2tlbmRzLk1vZGVsQmFja2VuZHED\nVQ1fYXV0aF91c2VyX2lkcQSKAWF1Lg==\n','2019-05-23 04:06:30'),('c2ae9549ec2c33eb49a7ad4aa2ca6e70','YmMxZjAyMDJkZDUzMGRjMWVhODZkZTllMDhiNGQ2OTlkMmM2Yzg5MzqAAn1xAShVEl9hdXRoX3Vz\nZXJfYmFja2VuZHECVSlkamFuZ28uY29udHJpYi5hdXRoLmJhY2tlbmRzLk1vZGVsQmFja2VuZHED\nVQ1fYXV0aF91c2VyX2lkcQSKAT11Lg==\n','2019-05-23 05:51:38'),('c5098ee15acb1db17dfff7ccc9b79a42','NGUzYTUzZWM1OTZkMDk5Y2NmMWM3NWVmMTEwMzU0YWQ0ZGYzNmQxNzqAAn1xAShVEl9hdXRoX3Vz\nZXJfYmFja2VuZHECVSlkamFuZ28uY29udHJpYi5hdXRoLmJhY2tlbmRzLk1vZGVsQmFja2VuZHED\nVQ1fYXV0aF91c2VyX2lkcQSKAWp1Lg==\n','2019-06-05 08:48:05'),('c667d963c127209bfe72f3c2c6e85065','ZGQwYTIyNzZhYzlkYzQyMDJhNTM5N2E1YjQ5Zjk5NjcwZjcxYzdkZTqAAn1xAShVEl9hdXRoX3Vz\nZXJfYmFja2VuZHECVSlkamFuZ28uY29udHJpYi5hdXRoLmJhY2tlbmRzLk1vZGVsQmFja2VuZHED\nVQ1fYXV0aF91c2VyX2lkcQSKAosAdS4=\n','2019-06-01 14:38:06'),('c73a8a43746591631b7cedf18417511c','NjE4OTY4ODllYWE1MWNmZDg2MjQzZDdiZDc3MTNkMDJjY2M2NGJkMzqAAn1xAShVEl9hdXRoX3Vz\nZXJfYmFja2VuZHECVSlkamFuZ28uY29udHJpYi5hdXRoLmJhY2tlbmRzLk1vZGVsQmFja2VuZHED\nVQ1fYXV0aF91c2VyX2lkcQSKAo8AdS4=\n','2019-06-04 18:11:28'),('d08318ceab6eb1a02e79dc37e5329511','ZGQwYTIyNzZhYzlkYzQyMDJhNTM5N2E1YjQ5Zjk5NjcwZjcxYzdkZTqAAn1xAShVEl9hdXRoX3Vz\nZXJfYmFja2VuZHECVSlkamFuZ28uY29udHJpYi5hdXRoLmJhY2tlbmRzLk1vZGVsQmFja2VuZHED\nVQ1fYXV0aF91c2VyX2lkcQSKAosAdS4=\n','2019-05-31 13:10:07'),('d16a23a42b965b66ffab8c4adef673d0','ZGFjZDYwMWQzNThkYWZhZmUyMDBkN2Q4YWNkZmFlMmI3ZTI0YWYxZTqAAn1xAShVEl9hdXRoX3Vz\nZXJfYmFja2VuZHECVSlkamFuZ28uY29udHJpYi5hdXRoLmJhY2tlbmRzLk1vZGVsQmFja2VuZHED\nVQ1fYXV0aF91c2VyX2lkcQSKAVB1Lg==\n','2019-05-23 06:20:57'),('d446e56e655bb02c6078e24e54caa401','NGUxNTkwNDJjZGM0MDE5MmI4NDVlMDZjNGE2MjdkODNhMGM1MzIzOTqAAn1xAVUKdGVzdGNvb2tp\nZXECVQZ3b3JrZWRxA3Mu\n','2019-05-29 02:46:38'),('d6044e67f0feeb2d32613386acf01ee4','NjBhNGNlNTFkYzQzYjFlYjAxZjg5MjFmM2FkOGVkNTA1MDNmZWIxNDqAAn1xAShVEl9hdXRoX3Vz\nZXJfYmFja2VuZHECVSlkamFuZ28uY29udHJpYi5hdXRoLmJhY2tlbmRzLk1vZGVsQmFja2VuZHED\nVQ1fYXV0aF91c2VyX2lkcQSKAQF1Lg==\n','2019-05-26 22:51:49'),('d61499253fcda9b5559161515b471a2e','NDJmMTk4MDk5ZmQyMTg1Yzc0Y2RlNzA3NTg4ZDUxMDc2Nzk1OWRhOTqAAn1xAS4=\n','2019-05-13 02:53:23'),('d9d25506bd4f9d3b2911945a5fb62fc0','NGUxNTkwNDJjZGM0MDE5MmI4NDVlMDZjNGE2MjdkODNhMGM1MzIzOTqAAn1xAVUKdGVzdGNvb2tp\nZXECVQZ3b3JrZWRxA3Mu\n','2019-06-06 15:42:57'),('dadb9e7b0f94d8e4e193030d6b2d5370','ZmQxNjcyMjM4NGIzZGM4OWUwNmMxMDdkMGJmMTBhZDUwMDYyODNkOTqAAn1xAVUKdGVzdGNvb2tp\nZVUGd29ya2VkcQJzLg==\n','2019-05-11 14:13:16'),('db9934d68b9c3bf34ad1b7be00bad0b5','MDk3NzY5YmY1NTgwM2E3YWRlMzQ5NTc3NzBhZjk1OGU4OTYyZjViNjqAAn1xAShVEl9hdXRoX3Vz\nZXJfYmFja2VuZHECVSlkamFuZ28uY29udHJpYi5hdXRoLmJhY2tlbmRzLk1vZGVsQmFja2VuZHED\nVQ1fYXV0aF91c2VyX2lkcQSKAX51Lg==\n','2019-05-23 05:27:55'),('dba65c8883d4062129e1bcbfd970f10a','NjBhNGNlNTFkYzQzYjFlYjAxZjg5MjFmM2FkOGVkNTA1MDNmZWIxNDqAAn1xAShVEl9hdXRoX3Vz\nZXJfYmFja2VuZHECVSlkamFuZ28uY29udHJpYi5hdXRoLmJhY2tlbmRzLk1vZGVsQmFja2VuZHED\nVQ1fYXV0aF91c2VyX2lkcQSKAQF1Lg==\n','2019-04-08 19:26:41'),('dc9d9cd1fd4b0b42e8b58677b48eafe6','YWQ2Mzk0YzVjM2E4MjI1ZDhiMmFiODMyYTBmODYwOTFmMzM3MDAxNzqAAn1xAShVEl9hdXRoX3Vz\nZXJfYmFja2VuZHECVSlkamFuZ28uY29udHJpYi5hdXRoLmJhY2tlbmRzLk1vZGVsQmFja2VuZHED\nVQ1fYXV0aF91c2VyX2lkcQSKAoIAdS4=\n','2019-06-05 10:31:14'),('dcba066d63bec9f378a9f590da6f779a','NmI5ZDViN2I4MDdmNjA3YzU2ODc1NDY0MTQyMjYxZGYwYmQ1NzE2NzqAAn1xAShVEl9hdXRoX3Vz\nZXJfYmFja2VuZFUpZGphbmdvLmNvbnRyaWIuYXV0aC5iYWNrZW5kcy5Nb2RlbEJhY2tlbmRxAlUN\nX2F1dGhfdXNlcl9pZIoBaHUu\n','2019-06-08 15:13:23'),('dcfc4126a944ec4c632ec07173baffd8','OTlhOTMyNDk1NmM0MzgwNTBmNzA0ODAwZTgwYjYwYjI1MWQwNTI4ZTqAAn1xAShVEl9hdXRoX3Vz\nZXJfYmFja2VuZHECVSlkamFuZ28uY29udHJpYi5hdXRoLmJhY2tlbmRzLk1vZGVsQmFja2VuZHED\nVQ1fYXV0aF91c2VyX2lkcQSKARt1Lg==\n','2019-05-22 19:49:15'),('dd83986b4d8488bf071d98bf4ed81922','NGI3ZGZlYTExMWUyZTJiMGI3NzQxZTFmY2EzMjlmMGEzNzk4NjExNTqAAn1xAShVEl9hdXRoX3Vz\nZXJfYmFja2VuZHECVSlkamFuZ28uY29udHJpYi5hdXRoLmJhY2tlbmRzLk1vZGVsQmFja2VuZHED\nVQ1fYXV0aF91c2VyX2lkcQSKAWV1Lg==\n','2019-05-23 06:10:41'),('de9c7687ffe96ec00e25ccffbeb8d25a','NjBhNGNlNTFkYzQzYjFlYjAxZjg5MjFmM2FkOGVkNTA1MDNmZWIxNDqAAn1xAShVEl9hdXRoX3Vz\nZXJfYmFja2VuZHECVSlkamFuZ28uY29udHJpYi5hdXRoLmJhY2tlbmRzLk1vZGVsQmFja2VuZHED\nVQ1fYXV0aF91c2VyX2lkcQSKAQF1Lg==\n','2019-05-16 02:10:01'),('ded2a4p7ijovaxvuw5ch9svcns7q305z','NjM0NmU3ZWZjN2Y0OWY4N2U5Y2ZjNzUxYzI2N2U0M2JjMDVkMzE1Yzp7fQ==','2020-03-24 18:41:02'),('dgpazua1bw2mnp209itg93zpuk4qvo5o','NjM0NmU3ZWZjN2Y0OWY4N2U5Y2ZjNzUxYzI2N2U0M2JjMDVkMzE1Yzp7fQ==','2020-03-24 19:31:46'),('e15b62cd7cf785cda8e07f67402e21fd','NmY4N2JjZmI4NzUzNDlkMGYwZjg4YWFhYTRjNmE0MWY1YjdiZjg0YzqAAn1xAShVDV9hdXRoX3Vz\nZXJfaWSKATlVEl9hdXRoX3VzZXJfYmFja2VuZFUpZGphbmdvLmNvbnRyaWIuYXV0aC5iYWNrZW5k\ncy5Nb2RlbEJhY2tlbmRxAnUu\n','2019-05-26 04:32:33'),('e2c0cbf19fd208e43d0422e9d57068f7','ZDNiZjIzZTFlMjA1MzYzZGEwNDdjOWVlNmUzNzI2MzRjY2ViN2Y0MDqAAn1xAShVEl9hdXRoX3Vz\nZXJfYmFja2VuZHECVSlkamFuZ28uY29udHJpYi5hdXRoLmJhY2tlbmRzLk1vZGVsQmFja2VuZHED\nVQ1fYXV0aF91c2VyX2lkcQSKAXV1Lg==\n','2019-05-23 05:20:38'),('e46192b7ca8065893ad71ceda48aa138','YmVmZTlmZDMzYjE1ZDc0NGMxNjFlMDA2Y2ZiNzY3NmY3NzU4Zjg1ZTqAAn1xAShVEl9hdXRoX3Vz\nZXJfYmFja2VuZHECVSlkamFuZ28uY29udHJpYi5hdXRoLmJhY2tlbmRzLk1vZGVsQmFja2VuZHED\nVQ1fYXV0aF91c2VyX2lkcQSKAUV1Lg==\n','2019-05-23 04:57:46'),('e61423a54c8a593d645edfe7b43df9ff','NGUxNTkwNDJjZGM0MDE5MmI4NDVlMDZjNGE2MjdkODNhMGM1MzIzOTqAAn1xAVUKdGVzdGNvb2tp\nZXECVQZ3b3JrZWRxA3Mu\n','2019-05-31 13:49:11'),('e6262944a08bfa25e01e3bda4268b899','YWQ5MTU4N2YyOGRiNDRkOWVhYmUwMmZiYmU0YTcyNjUxNjkwZjEyMTqAAn1xAShVEl9hdXRoX3Vz\nZXJfYmFja2VuZHECVSlkamFuZ28uY29udHJpYi5hdXRoLmJhY2tlbmRzLk1vZGVsQmFja2VuZHED\nVQ1fYXV0aF91c2VyX2lkcQSKAXl1Lg==\n','2019-05-27 04:31:30'),('e74dcaea7b314649e5ac9b946e9f75f9','M2UwMzUzNjkwMzljY2UzYTIyMDgxNDdhOWUwOTU2ODgzZjY1MzcwNjqAAn1xAShVEl9hdXRoX3Vz\nZXJfYmFja2VuZHECVSlkamFuZ28uY29udHJpYi5hdXRoLmJhY2tlbmRzLk1vZGVsQmFja2VuZHED\nVQ1fYXV0aF91c2VyX2lkcQSKAUx1Lg==\n','2019-05-23 07:57:50'),('e7a530083d2b37186e6d0d19f26f6a66','NzU5MmM4MWU4YmJiNmE2NTYzMDkyNjVhYTIzNTU5M2NhZjljMTI4NDqAAn1xAShVEl9hdXRoX3Vz\nZXJfYmFja2VuZHECVSlkamFuZ28uY29udHJpYi5hdXRoLmJhY2tlbmRzLk1vZGVsQmFja2VuZHED\nVQ1fYXV0aF91c2VyX2lkcQSKASR1Lg==\n','2019-05-26 04:34:11'),('e9550bce5ec818531f135291ed324c7f','NTc4MDlhM2MwNGI4MWM2NDBhYjUxZmY5NTgxMjZmNzg0Yjc2ZjhlNjqAAn1xAShVEl9hdXRoX3Vz\nZXJfYmFja2VuZHECVSlkamFuZ28uY29udHJpYi5hdXRoLmJhY2tlbmRzLk1vZGVsQmFja2VuZHED\nVQ1fYXV0aF91c2VyX2lkcQSKAVt1Lg==\n','2019-05-23 03:45:38'),('e97d451a19712f5eed3e99b1784298a5','MTNhZjI5MDllZWQwYjBlOTcyMTM1OWE0NTRhNTQzOTllYjVlOTE5YjqAAn1xAShVEl9hdXRoX3Vz\nZXJfYmFja2VuZHECVSlkamFuZ28uY29udHJpYi5hdXRoLmJhY2tlbmRzLk1vZGVsQmFja2VuZHED\nVQ1fYXV0aF91c2VyX2lkcQSKAUN1Lg==\n','2019-06-06 03:42:37'),('ea9521448fa3d904352e0f0a4d1b6189','YjhhNDJkYTk2OTUwOGU1Mjc3YTNkNzFkOTdhYmE5Y2IxM2Q2OTU1MzqAAn1xAShVEl9hdXRoX3Vz\nZXJfYmFja2VuZHECVSlkamFuZ28uY29udHJpYi5hdXRoLmJhY2tlbmRzLk1vZGVsQmFja2VuZHED\nVQ1fYXV0aF91c2VyX2lkcQSKASN1Lg==\n','2019-06-05 11:17:02'),('eb662ed88c4a3b6dd3aac71aa99c04c2','YjhhNDJkYTk2OTUwOGU1Mjc3YTNkNzFkOTdhYmE5Y2IxM2Q2OTU1MzqAAn1xAShVEl9hdXRoX3Vz\nZXJfYmFja2VuZHECVSlkamFuZ28uY29udHJpYi5hdXRoLmJhY2tlbmRzLk1vZGVsQmFja2VuZHED\nVQ1fYXV0aF91c2VyX2lkcQSKASN1Lg==\n','2019-06-05 11:15:48'),('ee5e04a09b6a77ac362ccf9cecc876da','ZDNiNmUzNzNlYmNmYzhhNDNjYjQ1Yzg0YjE1ZWFmNzQyMmIyMjhiYjqAAn1xAShVEl9hdXRoX3Vz\nZXJfYmFja2VuZHECVSlkamFuZ28uY29udHJpYi5hdXRoLmJhY2tlbmRzLk1vZGVsQmFja2VuZHED\nVQ1fYXV0aF91c2VyX2lkcQSKAW51Lg==\n','2019-05-23 05:56:07'),('ef07a26b4957ca3a196c5658ff739c91','NGUxNTkwNDJjZGM0MDE5MmI4NDVlMDZjNGE2MjdkODNhMGM1MzIzOTqAAn1xAVUKdGVzdGNvb2tp\nZXECVQZ3b3JrZWRxA3Mu\n','2019-05-31 13:49:20'),('f0b7293243deb1b2b20155ccc45b44b3','OTk3Y2YzMjFiZWRmYWJkODkyNTljYzNiNDhmNDExZjQ0YmY3NDNlMzqAAn1xAShVEl9hdXRoX3Vz\nZXJfYmFja2VuZHECVSlkamFuZ28uY29udHJpYi5hdXRoLmJhY2tlbmRzLk1vZGVsQmFja2VuZHED\nVQ1fYXV0aF91c2VyX2lkcQSKAUJ1Lg==\n','2019-05-23 05:27:43'),('f2ad2bef643b6d069b1e1fd7e24d86ef','OWM5N2VmOWQwYTlhNmY5YTdiOGUwODRkODZkNDdmZWFhZmJjNzRjNTqAAn1xAShVEl9hdXRoX3Vz\nZXJfYmFja2VuZHECVSlkamFuZ28uY29udHJpYi5hdXRoLmJhY2tlbmRzLk1vZGVsQmFja2VuZHED\nVQ1fYXV0aF91c2VyX2lkcQSKApgAdS4=\n','2019-05-31 19:03:59'),('f36b824e2a5ad2edbfcd728eb57c93d1','NGUxNTkwNDJjZGM0MDE5MmI4NDVlMDZjNGE2MjdkODNhMGM1MzIzOTqAAn1xAVUKdGVzdGNvb2tp\nZXECVQZ3b3JrZWRxA3Mu\n','2019-05-31 13:49:14'),('ffb02241bbdaa34fa204775f664bf434','NDA1NjM4MTUxOTg1Yjg1OTJhY2Q5ODE5ZDUwNzgwYzI0NDQ1MmRkMDqAAn1xAShVEl9hdXRoX3Vz\nZXJfYmFja2VuZHECVSlkamFuZ28uY29udHJpYi5hdXRoLmJhY2tlbmRzLk1vZGVsQmFja2VuZHED\nVQ1fYXV0aF91c2VyX2lkcQSKAWJ1Lg==\n','2019-06-11 05:31:53'),('i6z7pl91e73x3hm7gzxcrsruk559iuks','NzIxZTM5N2E4NDRhYmJkYTBmMTk5YTM1ZDkyMjRiYTZiZjYwZDllMDp7Il9hdXRoX3VzZXJfaWQiOiIxNjciLCJfYXV0aF91c2VyX2JhY2tlbmQiOiJkamFuZ28uY29udHJpYi5hdXRoLmJhY2tlbmRzLk1vZGVsQmFja2VuZCIsIl9hdXRoX3VzZXJfaGFzaCI6Ijc2YmY1MGFkMDc5OWE5YjQ5NTYwNzFlYTM5NWVhNjQxZjkyYjdkMmIifQ==','2020-04-06 22:01:06'),('s7vyt1mjpz7uvvf72n00mzlxlcnzykzn','NjM0NmU3ZWZjN2Y0OWY4N2U5Y2ZjNzUxYzI2N2U0M2JjMDVkMzE1Yzp7fQ==','2020-04-01 16:17:29'),('yrl0lptwh2zc3ixy09jz6u7fbh65kp58','NzIxZTM5N2E4NDRhYmJkYTBmMTk5YTM1ZDkyMjRiYTZiZjYwZDllMDp7Il9hdXRoX3VzZXJfaWQiOiIxNjciLCJfYXV0aF91c2VyX2JhY2tlbmQiOiJkamFuZ28uY29udHJpYi5hdXRoLmJhY2tlbmRzLk1vZGVsQmFja2VuZCIsIl9hdXRoX3VzZXJfaGFzaCI6Ijc2YmY1MGFkMDc5OWE5YjQ5NTYwNzFlYTM5NWVhNjQxZjkyYjdkMmIifQ==','2020-04-06 20:40:38');
/*!40000 ALTER TABLE `django_session` ENABLE KEYS */;
UNLOCK TABLES;

--
-- Table structure for table `django_site`
--

DROP TABLE IF EXISTS `django_site`;
/*!40101 SET @saved_cs_client     = @@character_set_client */;
/*!50503 SET character_set_client = utf8mb4 */;
CREATE TABLE `django_site` (
  `id` int NOT NULL AUTO_INCREMENT,
  `domain` varchar(100) NOT NULL,
  `name` varchar(50) NOT NULL,
  PRIMARY KEY (`id`)
) ENGINE=InnoDB AUTO_INCREMENT=2 DEFAULT CHARSET=latin1;
/*!40101 SET character_set_client = @saved_cs_client */;

--
-- Dumping data for table `django_site`
--

LOCK TABLES `django_site` WRITE;
/*!40000 ALTER TABLE `django_site` DISABLE KEYS */;
INSERT INTO `django_site` VALUES (1,'readyforagile.inet.works','Incorta');
/*!40000 ALTER TABLE `django_site` ENABLE KEYS */;
UNLOCK TABLES;

--
-- Table structure for table `email_sender_email`
--

DROP TABLE IF EXISTS `email_sender_email`;
/*!40101 SET @saved_cs_client     = @@character_set_client */;
/*!50503 SET character_set_client = utf8mb4 */;
CREATE TABLE `email_sender_email` (
  `id` int NOT NULL AUTO_INCREMENT,
  `type` varchar(200) DEFAULT NULL,
  `from_email` varchar(200) DEFAULT NULL,
  `to_email` varchar(200) DEFAULT NULL,
  `reply_to_email` varchar(200) DEFAULT NULL,
  `status` varchar(200) DEFAULT NULL,
  `subject` longtext NOT NULL,
  `body_text` longtext CHARACTER SET utf8 COLLATE utf8_general_ci NOT NULL,
  `body_html` longtext CHARACTER SET utf8 COLLATE utf8_general_ci NOT NULL,
  PRIMARY KEY (`id`)
) ENGINE=InnoDB DEFAULT CHARSET=latin1;
/*!40101 SET character_set_client = @saved_cs_client */;

--
-- Dumping data for table `email_sender_email`
--

LOCK TABLES `email_sender_email` WRITE;
/*!40000 ALTER TABLE `email_sender_email` DISABLE KEYS */;
/*!40000 ALTER TABLE `email_sender_email` ENABLE KEYS */;
UNLOCK TABLES;

--
-- Table structure for table `email_sender_emailtemplate`
--

DROP TABLE IF EXISTS `email_sender_emailtemplate`;
/*!40101 SET @saved_cs_client     = @@character_set_client */;
/*!50503 SET character_set_client = utf8mb4 */;
CREATE TABLE `email_sender_emailtemplate` (
  `id` int NOT NULL AUTO_INCREMENT,
  `template_name` varchar(200) NOT NULL,
  `subject` varchar(200) NOT NULL,
  `from_email` varchar(200) DEFAULT NULL,
  `reply_to_email` varchar(200) DEFAULT NULL,
  `body_text` longtext NOT NULL,
  `body_html` longtext NOT NULL,
  PRIMARY KEY (`id`)
) ENGINE=InnoDB AUTO_INCREMENT=15 DEFAULT CHARSET=latin1;
/*!40101 SET character_set_client = @saved_cs_client */;

--
-- Dumping data for table `email_sender_emailtemplate`
--

LOCK TABLES `email_sender_emailtemplate` WRITE;
/*!40000 ALTER TABLE `email_sender_emailtemplate` DISABLE KEYS */;
INSERT INTO `email_sender_emailtemplate` VALUES (6,'Reminder','Reminder: Start your ReadyForAgile Survey ...','info@agileacademy.co','info@agileacademy.co','Greetings {{first_name}}, \\n \\n\n\nWe recently sent you a request to participate in the ReadyForAgile Readiness Assessment and noticed that you have not begun the assessment.\\n \\n\n\nThe Assessment is seeking input from a broad sampling of employees that balances several demographic factors. We know your time is extremely valuable and only ask for your participation because your input is vital.\\n\\n\n\nYour input will help us better understand the culture of the software development community in Incorta so we can best plan and implement the Agile Roadmap.\\n \\n\n\nIf you have any questions about the Assessment, please send us on info@agileacademy.co directly.\\n\\n\n\nAll responses are strictly confidential and anonymous. The assessment period will end on Thursday, May 16.\\n\\n\n\n\nThank you, again, for your support.\\n\\n\n\nKind Regards,\nAgile Academy Team\nwww.agileacademy.co','<p>Greetings {{first_name}},</p>\n<p>We recently sent you a request to participate in the ReadyForAgile Readiness Assessment and noticed that you have not begun the assessment.</p>\n<p>The Assessment is seeking input from a broad sampling of employees that balances several demographic factors. We know your time is extremely valuable and only ask for your participation because your input is vital.</p>\n<p>Your input will help us better understand the culture of the software development community in Incorta so we can best plan and implement the Agile Roadmap.</p>\n<p>If you have any questions about the Assessment, please send us on info@agileacademy.co directly.</p>\n<p>All responses are strictly confidential and anonymous. The assessment period will end on Thursday, May 16.</p>\n<p>Thank you, again, for your support.</p>\n<p>Kind Regards,<br />Agile Academy Team<br />www.agileacademy.co</p>'),(7,'Preview reminder','Reminder: Test your ReadyForAgile Survey','info@agileacademy.co','info@agileacademy.co','Dear {{first_name}},\n\nThank you for starting your ReadyForAgile survey - Now it\'s time to finish up!\n\nWe at {{company}} are assessing our Agility and as a crucial part of our team, your opinion is not only valued, it\'s essential.\n\nWe need you to please finish up with the remainder of your survey as soon as you can.\n\nKind Regards,\n{{company}}','<p>Dear {{first_name}},</p>\n<p>Thank you for starting your ReadyForAgile survey - Now it\'s time to finish up!</p>\n<p>We at {{company}} are assessing our Agility and as a crucial part of our team, your opinion is not only valued, it\'s essential.</p>\n<p>We need you to please finish up with the remainder of your survey as soon as you can.</p>\n<p>Kind Regards,<br />{{company}}</p>'),(8,'welcome email','Welcome! Start your ReadyForAgile Survey ...','info@agileacademy.co','info@agileacademy.co','Dear {{first_name}},\n\nYou\'ve been invited to take the ReadyForAgile survey for {{company}}! {{company}} has opted to conduct the ReadyForAgile survey to better understand you, your team and your organization\'s agility.\n\nGet started with your survey by going here - https://{{company_url}}\nOnce there, use the following information to login and get started. You will be asked to create a unique new password.\n\nLogin info...\nURL:   https://{{company_url}}\nAccount login:    {{user_name}}\nPassword:    {{password}}\n\nIf at any point you have questions feel free to reach out to your company admin or info@agileacademy.co\n\nKind Regards,\nAgile Academy Team\nwww.agileacademy.co','<p>Dear {{first_name}},</p> <p>You\'ve been invited to take the ReadyForAgile survey for {{company}}! {{company}} has opted to conduct the ReadyForAgile survey to better understand you, your team and your organization\'s agility.</p> <p>Get started with your survey by going here - https://{{company_url}}<br /> Once there, use the following information to login and get started. You will be asked to create a unique new password.</p> <p>Login info...<br /> URL: https://{{company_url}}<br /> Account login: {{user_name}}<br /> Password: {{password}}</p> <p>If at any point you have questions feel free to reply back to info@agileacademy.co</p> <p>Kind Regards,<br /> Agile Academy Team<br /> www.agileacademy.co</p>'),(9,'forgot_password','ReadyForAgile Password Reset Information','info@agileacademy.co','noreply@agileacademy.co','Dear {{first_name}},\n\nYou have received this email because of a request to update your log-in credentials for your ReadyForAgile Assessment account. If this email has been sent to you in error please disregard.\n\nTo reset your ReadyForAgile Log-in information please follow the link below:\n\n{{reset_password_url}}\n\nIf you have any further questions feel free to reach out to your company admin or info@agileacademy.co\n\nKind Regards,\nAgile Academy Team\nwww.agileacademy.co','<p>Dear {{first_name}},</p>\n<p>You have received this email because of a request to update your log-in credentials for your ReadyForAgile Assessment account. If this email has been sent to you in error please disregard.</p>\n<p>To reset your ReadyForAgile Log-in information please follow the link below:</p>\n<p>{{reset_password_url}}</p>\n<p>If you have any further questions feel free to reach out to your company admin or info@agileacademy.co</p>\n<p>Kind Regards,<br />Agile Academy Team<br />www.agileacademy.co</p>'),(10,'view_results','ReadyForAgile Assessment Results','info@agileacademy.co','info@agileacademy.co','Congratulations Admin,\n\nYour Dr. Agile Survey has been successfully closed. You can now generate reports based on the information provided by your organization and team members.\n\nAs you begin to go through your reports you may have questions. If so, feel free to contact us at Agile Academy and we\'ll help.\n\nKind Regards,\nAgile Academy Team.\n','<p>Congratulations Admin,</p>\n<p>Your Dr. Agile Survey has been successfully closed. You can now generate reports based on the information provided by your organization and team members.</p>\n<p>As you begin to go through your reports you may have questions. If so, feel free to contact us at Agile Academy and we\'ll help.</p>\n<p>Kind Regards,<br />Agile Academy Team.</p>'),(11,'payment_receipt','Thank you from ReadyForAgile!','info@agileacademy.co','info@agileacademy.co','Dear *|company|*,\r\n\r\nWow! Thanks for signing up today. How\'s it feel? \r\n\r\nAgile should be fun, efficient and high-performing, by choosing your plan today you\'ve made a statement - \"I will become agile.\" Now you may be saying, \"I\'m already agile,\" and that may be true but today you\'ve begun a journey to high-performance agile and that is very different beast. \r\n\r\nTo get started with Dr. Agile:\r\nStep 1: Setup your account at *|companyurl|*\r\nStep 2: Monitory your progress\r\nStep 3: Analyze Results\r\nStep 4: Next Steps \r\n\r\nWe are grateful for your business and hope we will have several opportunities to prove our commitment to you the customer. We are currently working furiously to improve our tool and are challenging ourselves to expand functionality all the time. \r\n\r\nSincerely,\r\nDr. Agile Customer Support ','Dear *|company|*,\r\n\r\nWow! Thanks for signing up today. How\'s it feel? \r\n\r\nAgile should be fun, efficient and high-performing, by choosing your plan today you\'ve made a statement - \"I will become agile.\" Now you may be saying, \"I\'m already agile,\" and that may be true but today you\'ve begun a journey to high-performance agile and that is very different beast. \r\n\r\nTo get started with Dr. Agile:\r\nStep 1: Setup your account at *|companyurl|*\r\nStep 2: Monitory your progress\r\nStep 3: Analyze Results\r\nStep 4: Next Steps \r\n\r\nWe are grateful for your business and hope we will have several opportunities to prove our commitment to you the customer. We are currently working furiously to improve our tool and are challenging ourselves to expand functionality all the time. \r\n\r\nSincerely,\r\nDr. Agile Customer Support '),(12,'Invitee Welcome Email','ReadyForAgile Assessment for {{company}}','info@agileacademy.co','info@agileacademy.co','Dear {{first_name}},\n\n You\'ve been invited to take the ReadyForAgile survey for {{company}}! {{company}} has opted to conduct the ReadyForAgile survey to better understand you, your team and your organization\'s agility.\n\n Get started with your survey by going here - https://{{company_url}}\n Once there, use the following information to login and get started. You will be asked to create a unique new password.\n\n Login info...\n URL:   https://{{company_url}}\n Account login:    {{user_name}}\n Password:    {{password}}\n\n If at any point you have questions feel free to reach out to your company admin or info@agileacademy.co\n\n Kind Regards,\n Agile Academy Team\n www.agileacademy.co','<p>Dear {{first_name}},</p> <p>You\'ve been invited to take the ReadyForAgile survey for {{company}}! {{company}} has opted to conduct the ReadyForAgile survey to better understand you, your team and our organization\'s agility.</p> <p>Get started with your survey by going here - https://{{company_url}}<br /> Once there, use the following information to login and get started. You will be asked to create a unique new password.</p> <p>Login info...<br /> URL: https://{{company_url}}<br /> Account login: {{user_name}}<br /> Password: {{password}}</p> <p>If at any point you have questions feel free to reply back to info@agileacademy.co</p> <p>Kind Regards,<br /> Agile Academy Team<br /> www.agileacademy.co</p>'),(13,'pdf','ReadyForAgile Assessment for {{company}}','info@agileacademy.co','info@agileacademy.co','Dear {{first_name}},\n\nKindly find the attached Report pdf file.\n\nIf at any point you have questions feel free to reach out to your company admin or info@agileacademy.co\n\nKind Regards,\nAgile Academy Team\nwww.agileacademy.co\n','<p>Dear {{first_name}},</p>\n<p>Kindly find the attached Report pdf file.</p>\n<p>If at any point you have questions feel free to reach out to your company admin or info@agileacademy.co</p>\n<p>Kind Regards,<br />Agile Academy Team<br />www.agileacademy.co</p>'),(14,'ReminderInProgress','Reminder: Start your ReadyForAgile Survey ...','info@agileacademy.co','info@agileacademy.co','Dear {{first_name}},\n\nThank you for starting your ReadyForAgile survey - Now it\'s time to finish up!\n\nWe at {{company}} are assessing our Agility and as a crucial part of our team, your opinion is not only valued, it\'s essential.\n\nIf you have any questions about the Assessment, please contact Muhammad Elkharashy, Operations Director, or email us on info@agileacademy.co directly.\n\nAll responses are strictly confidential and anonymous. The assessment period will end on Thursday, May 16.\n\nThank you, again, for your support.\n\nKind Regards,\nAgile Academy Team\nwww.agileacademy.co','<p>Dear {{first_name}},</p>\n<p>Thank you for starting your ReadyForAgile survey - Now it\'s time to finish up!</p>\n<p>We at {{company}} are assessing our Agility and as a crucial part of our team, your opinion is not only valued, it\'s essential.</p>\n<p>If you have any questions about the Assessment, please contact Muhammad Elkharashy, Operations Director, or email us on info@agileacademy.co directly.</p>\n<p>All responses are strictly confidential and anonymous. The assessment period will end on Thursday, May 16.</p>\n<p>Thank you, again, for your support.</p>\n<p>Kind Regards,<br />Agile Academy Team<br />www.agileacademy.co</p>');
/*!40000 ALTER TABLE `email_sender_emailtemplate` ENABLE KEYS */;
UNLOCK TABLES;

--
-- Table structure for table `south_migrationhistory`
--

DROP TABLE IF EXISTS `south_migrationhistory`;
/*!40101 SET @saved_cs_client     = @@character_set_client */;
/*!50503 SET character_set_client = utf8mb4 */;
CREATE TABLE `south_migrationhistory` (
  `id` int NOT NULL AUTO_INCREMENT,
  `app_name` varchar(255) NOT NULL,
  `migration` varchar(255) NOT NULL,
  `applied` datetime NOT NULL,
  PRIMARY KEY (`id`)
) ENGINE=InnoDB AUTO_INCREMENT=9 DEFAULT CHARSET=latin1;
/*!40101 SET character_set_client = @saved_cs_client */;

--
-- Dumping data for table `south_migrationhistory`
--

LOCK TABLES `south_migrationhistory` WRITE;
/*!40000 ALTER TABLE `south_migrationhistory` DISABLE KEYS */;
INSERT INTO `south_migrationhistory` VALUES (1,'survey','0001_initial','2011-09-19 20:23:39'),(3,'survey','0002_auto__del_field_userprofile_test','2011-09-19 20:58:46'),(4,'email_sender','0001_initial','2012-05-06 13:33:28'),(5,'email_sender','0002_auto__add_field_email_status','2012-05-06 13:33:28'),(6,'email_sender','0003_auto__del_field_email_body__add_field_email_subject__add_field_email_b','2012-05-06 13:33:28'),(7,'email_sender','0004_auto__add_emailtemplate','2012-05-06 13:39:27'),(8,'email_sender','0005_auto__chg_field_emailtemplate_subject','2012-05-06 13:42:30');
/*!40000 ALTER TABLE `south_migrationhistory` ENABLE KEYS */;
UNLOCK TABLES;

--
-- Table structure for table `survey_answer`
--

DROP TABLE IF EXISTS `survey_answer`;
/*!40101 SET @saved_cs_client     = @@character_set_client */;
/*!50503 SET character_set_client = utf8mb4 */;
CREATE TABLE `survey_answer` (
  `id` int NOT NULL AUTO_INCREMENT,
  `indicator_id` int NOT NULL,
  `user_id` int NOT NULL,
  `mcqanswer_id` int NOT NULL,
  PRIMARY KEY (`id`),
  KEY `survey_answer_47c5a06a` (`indicator_id`),
  KEY `survey_answer_fbfc09f1` (`user_id`),
  KEY `survey_answer_7662156a` (`mcqanswer_id`)
) ENGINE=InnoDB AUTO_INCREMENT=5780 DEFAULT CHARSET=latin1;
/*!40101 SET character_set_client = @saved_cs_client */;

--
-- Dumping data for table `survey_answer`
--

LOCK TABLES `survey_answer` WRITE;
/*!40000 ALTER TABLE `survey_answer` DISABLE KEYS */;
INSERT INTO `survey_answer` VALUES (114,915,18,90),(115,921,18,90),(116,922,18,90),(117,923,18,90),(118,924,18,90),(119,925,18,90),(120,927,18,90),(121,930,18,90),(122,931,18,90),(123,932,18,90),(124,936,18,90),(125,937,18,90),(126,939,18,90),(127,941,18,90),(128,940,18,90),(129,942,18,90),(130,943,18,90),(131,944,18,90),(132,945,18,90),(133,946,18,90),(134,947,18,90),(135,948,18,90),(136,950,18,90),(137,951,18,90),(138,952,18,90),(139,954,18,90),(140,960,18,90),(141,958,18,90),(142,962,18,90),(143,963,18,90),(144,964,18,90),(145,968,18,90),(146,969,18,90),(147,970,18,90),(148,971,18,90),(149,972,18,90),(150,974,18,90),(151,975,18,90),(152,977,18,90),(153,978,18,90),(154,979,18,90),(155,980,18,90),(156,981,18,90),(157,983,18,90),(158,982,18,90),(159,984,18,90),(160,987,18,90),(161,988,18,90),(162,989,18,90),(163,990,18,90),(164,991,18,90),(165,994,18,90),(166,997,18,90),(167,1000,18,90),(168,1003,18,90),(169,1004,18,90),(170,1007,18,90),(171,1010,18,90),(172,1012,18,90),(173,1015,18,90),(174,1017,18,90),(175,1020,18,90),(176,1021,18,90),(177,1022,18,90),(178,1023,18,90),(179,1025,18,90),(180,1026,18,90),(181,1029,18,90),(182,1030,18,90),(183,1031,18,90),(184,1033,18,90),(185,1034,18,90),(186,1036,18,90),(187,1040,18,90),(188,1043,18,90),(189,1046,18,90),(190,1049,18,90),(191,1050,18,90),(192,1051,18,90),(193,1052,18,90),(194,1001,18,95),(195,1024,18,95),(196,1053,18,95),(197,911,18,100),(198,916,18,100),(199,917,18,100),(200,929,18,100),(201,949,18,100),(202,955,18,100),(203,959,18,100),(204,961,18,100),(205,965,18,100),(206,966,18,100),(207,973,18,100),(208,976,18,100),(209,986,18,100),(210,996,18,100),(211,1005,18,100),(212,1006,18,100),(213,1008,18,100),(214,1014,18,100),(215,1016,18,100),(216,1019,18,100),(217,1037,18,100),(218,1038,18,100),(219,1039,18,100),(220,1048,18,100),(221,995,18,98),(401,906,27,90),(402,910,27,87),(403,914,27,90),(404,915,27,90),(405,918,27,90),(406,928,27,90),(407,933,27,90),(408,934,27,90),(409,919,27,90),(410,935,27,90),(411,938,27,90),(412,953,27,90),(413,957,27,90),(414,958,27,87),(415,967,27,88),(416,990,27,90),(417,991,27,89),(418,997,27,89),(419,1002,27,89),(420,1007,27,88),(421,1011,27,88),(422,1013,27,89),(423,1018,27,87),(424,1028,27,89),(425,1047,27,89),(426,909,27,98),(427,912,27,97),(428,917,27,97),(429,961,27,99),(430,965,27,97),(431,973,27,97),(432,976,27,99),(433,992,27,99),(434,995,27,96),(435,1008,27,96),(436,915,91,89),(437,922,91,90),(438,927,91,90),(439,930,91,88),(440,915,111,90),(441,931,91,87),(442,932,91,90),(443,921,111,90),(444,936,91,90),(445,937,91,89),(446,939,91,90),(447,922,111,88),(448,940,91,89),(449,923,111,86),(450,941,91,89),(451,942,91,90),(452,943,91,90),(453,944,91,90),(454,945,91,89),(455,946,91,90),(456,947,91,88),(457,915,123,89),(458,921,102,90),(459,915,86,87),(460,915,97,90),(461,922,86,101),(462,923,86,87),(463,924,86,86),(464,925,86,89),(465,927,86,90),(466,930,86,87),(467,931,86,101),(468,932,86,89),(469,936,86,87),(470,937,86,89),(471,939,86,89),(472,940,86,87),(473,941,86,87),(474,942,86,89),(475,943,86,90),(476,944,86,89),(477,915,69,89),(478,945,86,89),(479,946,86,89),(480,947,86,87),(481,948,86,90),(482,950,86,90),(483,951,86,86),(484,952,86,87),(485,921,97,90),(486,922,97,90),(487,923,97,90),(488,924,97,88),(489,925,97,90),(490,927,97,90),(491,958,86,86),(492,954,86,101),(493,960,86,87),(494,962,86,89),(495,963,86,89),(496,964,86,87),(497,968,86,101),(498,969,86,87),(499,970,86,90),(500,971,86,90),(501,972,86,90),(502,974,86,88),(503,975,86,88),(504,977,86,89),(505,978,86,89),(506,979,86,88),(507,980,86,88),(508,981,86,87),(509,982,86,101),(510,983,86,88),(511,984,86,87),(512,987,86,89),(513,988,86,86),(514,989,86,101),(515,990,86,89),(516,991,86,90),(517,994,86,89),(518,997,86,89),(519,1000,86,88),(520,1003,86,90),(521,1004,86,89),(522,1007,86,89),(523,1010,86,87),(524,1012,86,90),(525,1015,86,89),(526,1017,86,89),(527,1020,86,88),(528,1021,86,88),(529,1022,86,89),(530,1023,86,89),(531,1025,86,90),(532,1026,86,89),(533,1029,86,90),(534,1030,86,88),(535,1031,86,90),(536,1033,86,87),(537,1034,86,88),(538,1036,86,89),(539,1040,86,89),(540,1043,86,87),(541,1046,86,90),(542,1049,86,90),(543,1050,86,90),(544,1051,86,89),(545,1052,86,90),(546,1001,86,91),(547,1024,86,94),(548,1053,86,93),(549,911,86,103),(550,916,86,100),(551,917,86,98),(552,929,86,97),(553,949,86,97),(554,955,86,97),(555,959,86,99),(556,961,86,100),(557,965,86,98),(558,966,86,103),(559,973,86,97),(560,976,86,103),(561,986,86,99),(562,995,86,97),(563,996,86,96),(564,1005,86,103),(565,1006,86,103),(566,1008,86,103),(567,1014,86,100),(568,1016,86,103),(569,1019,86,96),(570,1037,86,98),(571,1038,86,100),(572,1039,86,99),(573,1048,86,97),(574,906,66,89),(575,908,66,89),(576,910,66,87),(577,913,66,89),(578,914,66,88),(579,915,66,90),(580,918,66,90),(581,915,83,90),(582,919,66,90),(583,906,126,90),(584,920,66,90),(585,910,126,89),(586,922,66,88),(587,914,126,88),(588,915,126,89),(589,918,126,90),(590,921,83,90),(591,926,66,86),(592,921,126,90),(593,922,126,89),(594,922,83,86),(595,927,66,90),(596,927,126,89),(597,923,83,86),(598,928,66,90),(599,930,66,88),(600,924,83,87),(601,925,83,90),(602,931,66,88),(603,930,126,90),(604,931,126,89),(605,932,126,90),(606,927,83,90),(607,936,126,90),(608,932,66,88),(609,936,66,89),(610,930,83,89),(611,937,126,90),(612,937,66,89),(613,939,126,89),(614,939,66,87),(615,931,83,86),(616,940,126,89),(617,940,66,88),(618,932,83,87),(619,936,83,86),(620,941,66,87),(621,937,83,86),(622,942,66,90),(623,941,126,90),(624,943,66,90),(625,944,66,88),(626,942,126,90),(627,939,83,87),(628,943,126,90),(629,945,66,87),(630,944,126,88),(631,940,83,86),(632,945,126,89),(633,946,66,89),(634,947,66,87),(635,946,126,90),(636,947,126,89),(637,948,126,90),(638,948,66,90),(639,950,126,90),(640,950,66,89),(641,941,83,88),(642,951,66,88),(643,942,83,87),(644,943,83,87),(645,944,83,86),(646,945,83,86),(647,946,83,87),(648,947,83,86),(649,948,83,90),(650,952,66,90),(651,953,66,88),(652,954,66,90),(653,915,102,90),(654,922,102,86),(655,927,102,86),(656,950,83,89),(657,951,83,101),(658,952,83,90),(659,954,83,90),(660,958,83,87),(661,960,83,86),(662,962,83,87),(663,963,83,89),(664,964,83,86),(665,968,83,86),(666,915,68,89),(667,969,83,86),(668,970,83,90),(669,971,83,90),(670,972,83,89),(671,974,83,89),(672,975,83,89),(673,977,83,86),(674,978,83,86),(675,921,68,90),(676,979,83,87),(677,980,83,86),(678,981,83,89),(679,982,83,86),(680,983,83,87),(681,984,83,89),(682,987,83,90),(683,988,83,89),(684,989,83,87),(685,951,126,90),(686,990,83,90),(687,991,83,86),(688,994,83,90),(689,922,68,86),(690,997,83,90),(691,1000,83,89),(692,927,68,89),(693,1003,83,90),(694,930,68,87),(695,1004,83,90),(696,1007,83,89),(697,931,68,88),(698,1010,83,86),(699,1012,83,90),(700,1015,83,90),(701,1017,83,90),(702,1020,83,88),(703,1021,83,88),(704,1022,83,88),(705,1023,83,87),(706,1025,83,89),(707,1026,83,87),(708,1029,83,89),(709,1030,83,89),(710,1031,83,90),(711,1033,83,86),(712,1034,83,90),(713,1036,83,87),(714,915,61,86),(715,1040,83,90),(716,921,61,89),(717,1043,83,89),(718,922,61,90),(719,927,61,87),(720,1046,83,90),(721,930,61,86),(722,931,61,86),(723,932,61,88),(724,936,61,89),(725,1049,83,89),(726,937,61,89),(727,1050,83,89),(728,939,61,86),(729,1051,83,89),(730,941,61,86),(731,1052,83,89),(732,1001,83,93),(733,942,61,87),(734,943,61,89),(735,1024,83,92),(736,944,61,87),(737,945,61,86),(738,1053,83,92),(739,946,61,87),(740,947,61,86),(741,911,83,100),(742,948,61,86),(743,950,61,86),(744,916,83,98),(745,952,61,89),(746,917,83,97),(747,929,83,96),(748,954,61,86),(749,958,61,86),(750,960,61,86),(751,949,83,99),(752,955,83,96),(753,959,83,97),(754,961,83,96),(755,965,83,96),(756,966,83,103),(757,973,83,97),(758,976,83,97),(759,986,83,99),(760,995,83,96),(761,996,83,96),(762,1005,83,100),(763,962,61,86),(764,1006,83,97),(765,1008,83,99),(766,1014,83,99),(767,1016,83,99),(768,1019,83,97),(769,1037,83,97),(770,963,61,89),(771,964,61,86),(772,1038,83,99),(773,968,61,86),(774,969,61,86),(775,970,61,86),(776,1039,83,97),(777,971,61,86),(778,972,61,88),(779,974,61,88),(780,1048,83,97),(781,975,61,87),(782,977,61,87),(783,978,61,87),(784,930,97,90),(785,979,61,87),(786,980,61,88),(787,981,61,88),(788,982,61,86),(789,983,61,86),(790,984,61,86),(791,987,61,88),(792,988,61,87),(793,989,61,88),(794,994,61,88),(795,990,61,87),(796,997,61,88),(797,1003,61,88),(798,1004,61,88),(799,1007,61,87),(800,1010,61,87),(801,1012,61,89),(802,1015,61,88),(803,1017,61,88),(804,1020,61,89),(805,1021,61,87),(806,1022,61,89),(807,1023,61,87),(808,1030,61,87),(809,1033,61,87),(810,1031,61,87),(811,1034,61,87),(812,1036,61,88),(813,1040,61,88),(814,1043,61,87),(815,1046,61,88),(816,911,61,97),(817,916,61,97),(818,917,61,97),(819,955,61,97),(820,956,61,97),(821,959,61,97),(822,961,61,98),(823,965,61,97),(824,966,61,97),(825,973,61,96),(826,976,61,97),(827,986,61,97),(828,995,61,97),(829,1005,61,97),(830,1006,61,97),(831,1014,61,97),(832,1016,61,97),(833,1019,61,97),(834,1038,61,97),(835,1037,61,97),(836,1039,61,97),(837,1048,61,99),(838,1008,61,97),(839,940,61,87),(840,949,61,97),(841,957,66,86),(842,958,66,87),(843,960,66,87),(844,967,66,87),(845,915,101,90),(846,969,66,87),(847,970,66,90),(848,971,66,90),(849,972,66,88),(850,921,101,90),(851,974,66,90),(852,975,66,87),(853,977,66,88),(854,922,101,89),(855,978,66,89),(856,979,66,88),(857,980,66,88),(858,981,66,88),(859,982,66,89),(860,983,66,88),(861,984,66,88),(862,987,66,88),(863,988,66,88),(864,989,66,88),(865,927,101,90),(866,990,66,90),(867,994,66,90),(868,930,101,90),(869,997,66,90),(870,999,66,89),(871,1003,66,90),(872,1004,66,90),(873,932,101,90),(874,1007,66,88),(875,1010,66,87),(876,1013,66,90),(877,936,101,89),(878,937,101,90),(879,1015,66,90),(880,1020,66,89),(881,939,101,90),(882,940,101,90),(883,1021,66,90),(884,1022,66,90),(885,1023,66,87),(886,1035,66,90),(887,1036,66,89),(888,941,101,89),(889,1040,66,90),(890,942,101,90),(891,1041,66,90),(892,943,101,90),(893,1043,66,89),(894,944,101,90),(895,1045,66,87),(896,945,101,90),(897,1046,66,90),(898,1047,66,89),(899,907,66,97),(900,946,101,89),(901,947,101,90),(902,948,101,90),(903,950,101,90),(904,952,101,90),(905,909,66,97),(906,954,101,90),(907,958,101,90),(908,911,66,100),(909,912,66,99),(910,960,101,88),(911,916,66,98),(912,917,66,100),(913,929,66,97),(914,962,101,90),(915,949,66,99),(916,963,101,90),(917,955,66,96),(918,964,101,87),(919,968,101,89),(920,969,101,90),(921,970,101,90),(922,971,101,90),(923,972,101,90),(924,974,101,89),(925,975,101,86),(926,977,101,88),(927,978,101,90),(928,956,66,100),(929,979,101,88),(930,980,101,89),(931,981,101,88),(932,959,66,100),(933,961,66,100),(934,965,66,97),(935,966,66,99),(936,973,66,97),(937,976,66,100),(938,986,66,99),(939,992,66,97),(940,995,66,98),(941,1008,66,98),(942,1016,66,99),(943,1019,66,97),(944,1037,66,96),(945,1038,66,96),(946,1039,66,97),(947,983,101,89),(948,1048,66,99),(949,984,101,90),(950,987,101,89),(951,988,101,88),(952,989,101,89),(953,931,97,88),(954,932,97,90),(955,936,97,89),(956,990,101,90),(957,994,101,89),(958,997,101,90),(959,1003,101,90),(960,939,97,89),(961,1004,101,90),(962,940,97,88),(963,1007,101,88),(964,1010,101,88),(965,1012,101,90),(966,1015,101,89),(967,1017,101,90),(968,1020,101,90),(969,1021,101,90),(970,1022,101,90),(971,1023,101,90),(972,1030,101,87),(973,1031,101,90),(974,1033,101,86),(975,1034,101,89),(976,1036,101,101),(977,1040,101,90),(978,1043,101,90),(979,1046,101,90),(980,911,101,100),(981,916,101,98),(982,917,101,96),(983,949,101,103),(984,955,101,97),(985,956,101,96),(986,959,101,98),(987,961,101,99),(988,965,101,103),(989,966,101,96),(990,973,101,97),(991,976,101,99),(992,986,101,97),(993,995,101,99),(994,1005,101,97),(995,1006,101,99),(996,1008,101,103),(997,1014,101,99),(998,1016,101,97),(999,1019,101,97),(1000,1037,101,96),(1001,1038,101,100),(1002,1039,101,99),(1003,1048,101,96),(1004,931,101,88),(1005,915,148,90),(1006,921,148,89),(1007,922,148,89),(1008,923,148,89),(1009,924,148,87),(1010,925,148,89),(1011,927,148,89),(1012,930,148,89),(1013,931,148,89),(1014,932,148,89),(1015,936,148,89),(1016,937,148,89),(1017,939,148,90),(1018,940,148,89),(1019,941,148,89),(1020,942,148,89),(1021,943,148,89),(1022,944,148,88),(1023,945,148,89),(1024,946,148,88),(1025,947,148,89),(1026,948,148,89),(1027,941,97,89),(1028,943,97,89),(1029,944,97,88),(1030,942,97,89),(1031,945,97,89),(1032,946,97,90),(1033,947,97,89),(1034,948,97,90),(1035,950,97,90),(1036,951,97,90),(1037,952,97,86),(1038,954,97,90),(1039,958,97,87),(1040,960,97,89),(1041,962,97,90),(1042,963,97,90),(1043,964,97,89),(1044,968,97,89),(1045,969,97,89),(1046,970,97,90),(1047,906,76,87),(1048,908,76,90),(1049,910,76,90),(1050,913,76,90),(1051,953,126,89),(1052,954,126,90),(1053,958,126,89),(1054,952,126,90),(1055,960,126,90),(1056,968,126,90),(1057,914,76,90),(1058,915,76,86),(1059,919,76,89),(1060,920,76,90),(1061,922,76,90),(1062,926,76,90),(1063,927,76,90),(1064,930,76,86),(1065,931,76,87),(1066,932,76,90),(1067,933,76,89),(1068,934,76,90),(1069,935,76,90),(1070,938,76,89),(1071,939,76,89),(1072,940,76,89),(1073,941,76,87),(1074,942,76,90),(1075,943,76,90),(1076,944,76,88),(1077,945,76,90),(1078,946,76,90),(1079,947,76,87),(1080,948,76,90),(1081,951,76,90),(1082,952,76,90),(1083,953,76,89),(1084,954,76,87),(1085,957,76,89),(1086,958,76,86),(1087,960,76,86),(1088,962,76,90),(1089,963,76,101),(1090,964,76,86),(1091,967,76,86),(1092,970,76,90),(1093,971,76,89),(1094,906,40,88),(1095,915,47,90),(1096,921,47,90),(1097,922,47,87),(1098,923,47,87),(1099,924,47,86),(1100,925,47,90),(1101,927,47,89),(1102,930,47,87),(1103,931,47,87),(1104,932,47,90),(1105,936,47,89),(1106,937,47,89),(1107,939,47,87),(1108,971,97,90),(1109,972,97,89),(1110,974,97,90),(1111,975,97,89),(1112,977,97,89),(1113,940,47,89),(1114,941,47,88),(1115,942,47,89),(1116,943,47,90),(1117,944,47,89),(1118,945,47,88),(1119,946,47,89),(1120,947,47,86),(1121,948,47,89),(1122,950,47,90),(1123,951,47,89),(1124,952,47,90),(1125,954,47,89),(1126,958,47,87),(1127,960,47,86),(1128,962,47,90),(1129,963,47,90),(1130,964,47,89),(1131,968,47,88),(1132,969,47,87),(1133,970,47,90),(1134,971,47,90),(1135,972,47,90),(1136,974,47,89),(1137,975,47,89),(1138,977,47,88),(1139,978,47,88),(1140,979,47,88),(1141,980,47,88),(1142,981,47,88),(1143,982,47,88),(1144,983,47,87),(1145,984,47,87),(1146,987,47,89),(1147,988,47,89),(1148,989,47,88),(1149,990,47,90),(1150,991,47,90),(1151,994,47,89),(1152,997,47,90),(1153,1000,47,89),(1154,1003,47,89),(1155,1004,47,89),(1156,1007,47,89),(1157,1010,47,89),(1158,1012,47,90),(1159,1015,47,90),(1160,1017,47,90),(1161,1020,47,90),(1162,1021,47,90),(1163,1022,47,90),(1164,1023,47,89),(1165,1025,47,87),(1166,1026,47,88),(1167,1029,47,90),(1168,1030,47,89),(1169,1031,47,87),(1170,1033,47,89),(1171,1034,47,90),(1172,1036,47,90),(1173,1040,47,89),(1174,1043,47,86),(1175,1046,47,90),(1176,1049,47,90),(1177,1050,47,90),(1178,1051,47,90),(1179,1052,47,90),(1180,1001,47,92),(1181,1024,47,94),(1182,1053,47,94),(1183,911,47,98),(1184,916,47,99),(1185,917,47,99),(1186,929,47,97),(1187,949,47,98),(1188,955,47,98),(1189,959,47,100),(1190,961,47,100),(1191,965,47,103),(1192,966,47,103),(1193,973,47,96),(1194,976,47,98),(1195,986,47,97),(1196,995,47,99),(1197,996,47,97),(1198,1005,47,98),(1199,1006,47,98),(1200,1008,47,98),(1201,1014,47,99),(1202,1016,47,98),(1203,1019,47,96),(1204,1037,47,97),(1205,1038,47,100),(1206,1048,47,97),(1207,1039,47,99),(1208,915,112,89),(1209,921,112,87),(1210,922,112,87),(1211,923,112,87),(1212,925,112,90),(1213,927,112,90),(1214,930,112,89),(1215,931,112,87),(1216,932,112,89),(1217,936,112,89),(1218,937,112,90),(1219,939,112,90),(1220,940,112,89),(1221,941,112,90),(1222,942,112,89),(1223,943,112,90),(1224,945,112,89),(1225,944,112,87),(1226,946,112,89),(1227,947,112,89),(1228,948,112,90),(1229,950,112,90),(1230,951,112,89),(1231,952,112,89),(1232,954,112,89),(1233,958,112,89),(1234,960,112,89),(1235,962,112,89),(1236,963,112,89),(1237,964,112,89),(1238,968,112,88),(1239,969,112,89),(1240,970,112,90),(1241,971,112,90),(1242,972,112,90),(1243,974,112,90),(1244,975,112,89),(1245,977,112,89),(1246,972,76,89),(1247,906,54,87),(1248,910,54,87),(1249,931,54,89),(1250,932,54,88),(1251,936,54,87),(1252,937,54,89),(1253,939,54,89),(1254,940,54,86),(1255,941,54,88),(1256,943,54,90),(1257,944,54,89),(1258,945,54,89),(1259,946,54,88),(1260,960,54,86),(1261,962,54,101),(1262,964,54,87),(1263,968,54,87),(1264,971,54,89),(1265,972,54,87),(1266,974,54,89),(1267,978,54,101),(1268,981,54,88),(1269,983,54,88),(1270,1003,54,90),(1271,1004,54,90),(1272,1010,54,89),(1273,1020,54,90),(1274,1021,54,90),(1275,1022,54,89),(1276,1031,54,89),(1277,1036,54,87),(1278,1040,54,89),(1279,1046,54,89),(1280,912,54,97),(1281,959,54,99),(1282,961,54,100),(1283,965,54,97),(1284,966,54,100),(1285,973,54,97),(1286,976,54,99),(1287,995,54,98),(1288,996,54,100),(1289,1005,54,99),(1290,1006,54,97),(1291,1008,54,99),(1292,1019,54,99),(1293,1037,54,99),(1294,1038,54,100),(1295,1048,54,99),(1296,950,148,89),(1297,951,148,88),(1298,952,148,89),(1299,954,148,89),(1300,958,148,89),(1301,960,148,88),(1302,962,148,89),(1303,963,148,88),(1304,964,148,88),(1305,968,148,89),(1306,969,148,87),(1307,970,148,90),(1308,971,148,89),(1309,972,148,89),(1310,974,148,89),(1311,975,148,89),(1312,977,148,89),(1313,978,148,89),(1314,979,148,88),(1315,980,148,88),(1316,981,148,88),(1317,982,148,88),(1318,983,148,89),(1319,984,148,88),(1320,987,148,89),(1321,988,148,88),(1322,989,148,89),(1323,990,148,88),(1324,991,148,88),(1325,994,148,90),(1326,997,148,89),(1327,1000,148,89),(1328,1003,148,89),(1329,1004,148,89),(1330,1007,148,89),(1331,1010,148,89),(1332,1012,148,89),(1333,1015,148,89),(1334,1017,148,89),(1335,1020,148,89),(1336,1021,148,89),(1337,1022,148,89),(1338,1023,148,89),(1339,1025,148,89),(1340,1026,148,88),(1341,1029,148,88),(1342,1030,148,88),(1343,1031,148,90),(1344,1033,148,89),(1345,974,76,88),(1346,982,76,101),(1347,983,76,101),(1348,990,76,101),(1349,991,76,101),(1350,993,76,101),(1351,994,76,101),(1352,997,76,101),(1353,999,76,101),(1354,1002,76,101),(1355,1003,76,101),(1356,1004,76,101),(1357,1009,76,101),(1358,1011,76,89),(1359,1013,76,87),(1360,1018,76,86),(1361,1020,76,90),(1362,1021,76,90),(1363,1022,76,90),(1364,1028,76,101),(1365,1029,76,101),(1366,1030,76,90),(1367,1032,76,86),(1368,1035,76,87),(1369,1036,76,86),(1370,1040,76,101),(1371,1047,76,101),(1372,907,76,99),(1373,909,76,103),(1374,911,76,103),(1375,912,76,100),(1376,917,76,103),(1377,929,76,103),(1378,955,76,103),(1379,956,76,103),(1380,959,76,100),(1381,961,76,99),(1382,965,76,96),(1383,973,76,99),(1384,976,76,97),(1385,992,76,103),(1386,995,76,103),(1387,996,76,103),(1388,1008,76,100),(1389,1014,76,100),(1390,1016,76,99),(1391,1019,76,99),(1392,1038,76,100),(1393,1039,76,100),(1394,1048,76,99),(1395,948,91,101),(1396,969,126,89),(1397,971,126,90),(1398,972,126,90),(1399,975,126,87),(1400,977,126,89),(1401,978,126,89),(1402,979,126,88),(1403,980,126,87),(1404,981,126,89),(1405,982,126,87),(1406,983,126,89),(1407,987,126,90),(1408,984,126,89),(1409,988,126,89),(1410,989,126,89),(1411,990,126,89),(1412,993,126,89),(1413,994,126,90),(1414,997,126,89),(1415,999,126,89),(1416,1003,126,90),(1417,1004,126,89),(1418,1007,126,89),(1419,1010,126,89),(1420,1012,126,90),(1421,1015,126,90),(1422,1017,126,90),(1423,1020,126,90),(1424,1021,126,90),(1425,1022,126,89),(1426,1023,126,89),(1427,1033,126,89),(1428,1034,126,89),(1429,1036,126,90),(1430,1040,126,90),(1431,1042,126,90),(1432,1043,126,89),(1433,1045,126,90),(1434,1046,126,90),(1435,1047,126,89),(1436,909,126,99),(1437,911,126,100),(1438,916,126,99),(1439,917,126,99),(1440,929,126,103),(1441,949,126,97),(1442,955,126,99),(1443,959,126,100),(1444,961,126,99),(1445,965,126,100),(1446,966,126,99),(1447,973,126,98),(1448,976,126,99),(1449,986,126,99),(1450,995,126,100),(1451,1005,126,100),(1452,1008,126,100),(1453,1014,126,99),(1454,1016,126,100),(1455,1019,126,100),(1456,1037,126,98),(1457,1038,126,97),(1458,1039,126,100),(1459,1048,126,100),(1460,915,109,90),(1461,906,57,90),(1462,921,109,89),(1463,908,57,90),(1464,910,57,90),(1465,913,57,90),(1466,922,109,87),(1467,914,57,89),(1468,924,109,87),(1469,915,57,89),(1470,918,57,90),(1471,923,109,86),(1472,906,108,90),(1473,919,57,88),(1474,920,57,90),(1475,925,109,86),(1476,922,57,88),(1477,926,57,89),(1478,908,108,88),(1479,927,57,90),(1480,928,57,90),(1481,927,109,87),(1482,910,108,88),(1483,931,57,89),(1484,930,57,89),(1485,932,57,90),(1486,936,57,89),(1487,937,57,90),(1488,939,57,89),(1489,940,57,89),(1490,941,57,89),(1491,930,109,88),(1492,913,108,101),(1493,943,57,90),(1494,942,57,89),(1495,944,57,88),(1496,945,57,89),(1497,946,57,90),(1498,915,36,87),(1499,947,57,101),(1500,952,57,90),(1501,951,57,89),(1502,948,57,90),(1503,931,109,88),(1504,950,57,90),(1505,953,57,90),(1506,954,57,90),(1507,932,109,89),(1508,957,57,88),(1509,958,57,89),(1510,914,108,88),(1511,960,57,88),(1512,915,108,89),(1513,967,57,88),(1514,918,108,87),(1515,936,109,87),(1516,969,57,89),(1517,919,108,101),(1518,920,108,101),(1519,970,57,90),(1520,922,108,87),(1521,926,108,101),(1522,971,57,90),(1523,972,57,90),(1524,927,108,101),(1525,974,57,89),(1526,928,108,101),(1527,930,108,89),(1528,975,57,89),(1529,977,57,89),(1530,978,57,89),(1531,931,108,89),(1532,979,57,89),(1533,980,57,89),(1534,932,108,88),(1535,937,109,87),(1536,981,57,88),(1537,936,108,87),(1538,937,108,86),(1539,982,57,101),(1540,939,108,89),(1541,983,57,89),(1542,984,57,89),(1543,940,108,88),(1544,987,57,90),(1545,988,57,90),(1546,941,108,88),(1547,989,57,90),(1548,942,108,89),(1549,943,108,89),(1550,994,57,89),(1551,944,108,88),(1552,990,57,88),(1553,945,108,87),(1554,1020,57,90),(1555,946,108,89),(1556,1015,57,88),(1557,1013,57,89),(1558,1010,57,90),(1559,1007,57,89),(1560,1003,57,90),(1561,939,109,88),(1562,1004,57,90),(1563,999,57,90),(1564,940,109,87),(1565,997,57,89),(1566,1021,57,89),(1567,941,109,86),(1568,1022,57,90),(1569,1023,57,89),(1570,1035,57,101),(1571,1036,57,89),(1572,1040,57,90),(1573,1041,57,90),(1574,942,109,89),(1575,943,109,90),(1576,944,109,88),(1577,1043,57,90),(1578,1045,57,90),(1579,1046,57,90),(1580,1047,57,88),(1581,907,57,99),(1582,945,109,88),(1583,909,57,98),(1584,911,57,103),(1585,912,57,97),(1586,947,108,89),(1587,916,57,99),(1588,948,108,87),(1589,917,57,99),(1590,929,57,99),(1591,950,108,90),(1592,946,109,89),(1593,951,108,89),(1594,949,57,99),(1595,952,108,89),(1596,953,108,89),(1597,955,57,96),(1598,954,108,101),(1599,956,57,99),(1600,957,108,88),(1601,958,108,88),(1602,960,108,86),(1603,967,108,88),(1604,947,109,88),(1605,969,108,89),(1606,970,108,90),(1607,971,108,101),(1608,972,108,89),(1609,948,109,89),(1610,961,57,100),(1611,959,57,99),(1612,974,108,89),(1613,965,57,98),(1614,966,57,103),(1615,973,57,98),(1616,976,57,100),(1617,986,57,103),(1618,992,57,103),(1619,995,57,99),(1620,1008,57,99),(1621,1016,57,99),(1622,1019,57,99),(1623,1037,57,98),(1624,1038,57,99),(1625,1039,57,100),(1626,1048,57,98),(1627,950,109,89),(1628,951,109,88),(1629,952,109,90),(1630,954,109,101),(1631,958,109,87),(1632,924,111,86),(1633,925,111,90),(1634,927,111,89),(1635,930,111,86),(1636,931,111,88),(1637,932,111,90),(1638,936,111,90),(1639,937,111,90),(1640,960,109,88),(1641,962,109,88),(1642,963,109,89),(1643,964,109,87),(1644,968,109,89),(1645,969,109,89),(1646,970,109,90),(1647,972,109,89),(1648,974,109,89),(1649,975,109,87),(1650,931,80,89),(1651,932,80,88),(1652,936,80,88),(1653,906,80,88),(1654,910,80,89),(1655,937,80,88),(1656,939,80,89),(1657,940,80,89),(1658,941,80,88),(1659,943,80,89),(1660,944,80,89),(1661,945,80,89),(1662,977,109,90),(1663,978,109,87),(1664,946,80,87),(1665,979,109,88),(1666,960,80,101),(1667,962,80,88),(1668,964,80,88),(1669,968,80,87),(1670,915,114,86),(1671,921,114,86),(1672,980,109,88),(1673,981,109,88),(1674,982,109,88),(1675,983,109,89),(1676,906,110,89),(1677,910,110,88),(1678,984,109,87),(1679,972,80,89),(1680,971,80,89),(1681,974,80,90),(1682,978,80,89),(1683,989,109,90),(1684,914,110,86),(1685,988,109,89),(1686,987,109,89),(1687,915,110,88),(1688,994,109,87),(1689,991,109,89),(1690,990,109,89),(1691,997,109,90),(1692,1000,109,90),(1693,1003,109,90),(1694,1004,109,90),(1695,1007,109,89),(1696,1010,109,88),(1697,1012,109,90),(1698,1015,109,90),(1699,1020,109,89),(1700,1017,109,90),(1701,1021,109,89),(1702,1022,109,89),(1703,1023,109,87),(1704,1025,109,88),(1705,1026,109,88),(1706,1029,109,90),(1707,1030,109,89),(1708,1031,109,88),(1709,1033,109,87),(1710,1034,109,89),(1711,1036,109,87),(1712,1046,109,89),(1713,1050,109,89),(1714,1049,109,89),(1715,1043,109,88),(1716,1051,109,89),(1717,1052,109,87),(1718,1001,109,92),(1719,1040,109,88),(1720,1024,109,92),(1721,1053,109,92),(1722,911,109,99),(1723,916,109,99),(1724,917,109,97),(1725,929,109,99),(1726,949,109,98),(1727,955,109,97),(1728,915,104,89),(1729,959,109,100),(1730,961,109,98),(1731,965,109,97),(1732,966,109,98),(1733,973,109,97),(1734,976,109,98),(1735,986,109,99),(1736,995,109,98),(1737,996,109,97),(1738,1005,109,98),(1739,1006,109,99),(1740,918,110,89),(1741,1008,109,99),(1742,1014,109,99),(1743,1016,109,98),(1744,1019,109,99),(1745,1037,109,99),(1746,1038,109,97),(1747,1039,109,97),(1748,1048,109,98),(1749,971,109,88),(1750,939,111,89),(1751,940,111,86),(1752,941,111,90),(1753,906,82,90),(1754,908,82,90),(1755,910,82,90),(1756,913,82,90),(1757,914,82,89),(1758,915,82,89),(1759,919,82,101),(1760,920,82,89),(1761,922,82,89),(1762,926,82,88),(1763,927,82,89),(1764,930,82,89),(1765,931,82,101),(1766,932,82,86),(1767,933,82,88),(1768,934,82,88),(1769,935,82,89),(1770,938,82,89),(1771,939,82,89),(1772,940,82,89),(1773,941,82,101),(1774,942,82,89),(1775,943,82,88),(1776,944,82,87),(1777,945,82,88),(1778,946,82,88),(1779,947,82,89),(1780,948,82,88),(1781,951,82,87),(1782,922,110,101),(1783,927,110,86),(1784,930,110,86),(1785,931,110,88),(1786,932,110,89),(1787,936,110,89),(1788,937,110,88),(1789,939,110,89),(1790,940,110,89),(1791,941,110,88),(1792,981,80,101),(1793,943,110,89),(1794,944,110,90),(1795,945,110,90),(1796,946,110,89),(1797,947,110,88),(1798,948,110,88),(1799,950,110,89),(1800,1020,80,90),(1801,924,104,89),(1802,943,104,90),(1803,1003,80,89),(1804,1004,80,90),(1805,1010,80,90),(1806,983,80,88),(1807,1021,80,89),(1808,1022,80,89),(1809,922,104,88),(1810,923,104,101),(1811,1036,80,90),(1812,1031,80,90),(1813,1040,80,90),(1814,1046,80,90),(1815,912,80,98),(1816,959,80,99),(1817,961,80,100),(1818,965,80,97),(1819,966,80,103),(1820,973,80,96),(1821,1048,80,98),(1822,1038,80,103),(1823,1037,80,97),(1824,1019,80,97),(1825,1008,80,103),(1826,1006,80,97),(1827,1005,80,103),(1828,996,80,98),(1829,995,80,99),(1830,976,80,98),(1831,925,104,90),(1832,921,104,88),(1833,931,104,89),(1834,932,104,90),(1835,936,104,90),(1836,937,104,89),(1837,930,104,88),(1838,927,104,90),(1839,940,104,87),(1840,939,104,88),(1841,942,104,88),(1842,941,104,87),(1843,953,110,88),(1844,952,110,88),(1845,944,104,87),(1846,945,104,86),(1847,947,104,88),(1848,946,104,88),(1849,948,104,90),(1850,954,110,89),(1851,950,104,90),(1852,968,110,86),(1853,951,104,88),(1854,969,110,86),(1855,972,110,88),(1856,954,104,88),(1857,952,104,89),(1858,975,110,87),(1859,962,104,89),(1860,958,104,89),(1861,960,104,89),(1862,964,104,88),(1863,963,104,88),(1864,968,104,89),(1865,969,104,88),(1866,970,104,88),(1867,971,104,89),(1868,972,104,89),(1869,974,104,89),(1870,975,104,88),(1871,977,104,88),(1872,978,104,90),(1873,979,104,89),(1874,980,104,89),(1875,981,104,89),(1876,982,104,87),(1877,915,62,89),(1878,921,62,89),(1879,922,62,90),(1880,923,62,87),(1881,924,62,90),(1882,927,62,90),(1883,930,62,90),(1884,931,62,90),(1885,925,62,90),(1886,932,62,87),(1887,936,62,86),(1888,937,62,86),(1889,939,62,90),(1890,940,62,89),(1891,941,62,86),(1892,943,62,86),(1893,942,62,90),(1894,944,62,86),(1895,945,62,88),(1896,946,62,86),(1897,947,62,86),(1898,948,62,90),(1899,950,62,90),(1900,951,62,86),(1901,952,62,90),(1902,954,62,90),(1903,958,62,90),(1904,960,62,86),(1905,962,62,89),(1906,963,62,90),(1907,964,62,86),(1908,968,62,86),(1909,969,62,86),(1910,970,62,90),(1911,971,62,90),(1912,972,62,86),(1913,974,62,90),(1914,975,62,86),(1915,977,62,90),(1916,978,62,89),(1917,979,62,86),(1918,982,62,101),(1919,983,62,86),(1920,984,62,86),(1921,987,62,86),(1922,988,62,87),(1923,989,62,89),(1924,990,62,90),(1925,991,62,89),(1926,994,62,90),(1927,997,62,89),(1928,1000,62,86),(1929,1003,62,90),(1930,1004,62,90),(1931,1007,62,86),(1932,1010,62,86),(1933,1012,62,89),(1934,1015,62,90),(1935,1017,62,90),(1936,1020,62,90),(1937,1021,62,89),(1938,1022,62,89),(1939,1023,62,86),(1940,1025,62,90),(1941,1026,62,90),(1942,1029,62,90),(1943,1030,62,87),(1944,1031,62,90),(1945,1033,62,86),(1946,1034,62,90),(1947,1036,62,86),(1948,1040,62,89),(1949,1043,62,90),(1950,1046,62,90),(1951,1049,62,90),(1952,1050,62,90),(1953,1051,62,90),(1954,1052,62,90),(1955,1001,62,94),(1956,1024,62,93),(1957,1053,62,92),(1958,911,62,100),(1959,916,62,99),(1960,917,62,96),(1961,929,62,96),(1962,949,62,100),(1963,955,62,96),(1964,959,62,98),(1965,961,62,100),(1966,965,62,96),(1967,966,62,100),(1968,973,62,96),(1969,976,62,99),(1970,986,62,99),(1971,995,62,103),(1972,996,62,100),(1973,1005,62,99),(1974,1006,62,97),(1975,1008,62,100),(1976,1014,62,99),(1977,1016,62,99),(1978,1019,62,96),(1979,1037,62,99),(1980,1038,62,100),(1981,1039,62,100),(1982,1048,62,100),(1983,980,62,89),(1984,981,62,87),(1985,915,88,89),(1986,921,88,90),(1987,922,88,87),(1988,923,88,87),(1989,924,88,87),(1990,925,88,90),(1991,927,88,89),(1992,930,88,87),(1993,931,88,89),(1994,932,88,90),(1995,936,88,87),(1996,937,88,89),(1997,939,88,90),(1998,940,88,89),(1999,941,88,89),(2000,942,88,89),(2001,943,88,90),(2002,944,88,90),(2003,945,88,90),(2004,947,88,101),(2005,948,88,89),(2006,950,88,89),(2007,951,88,86),(2008,952,88,87),(2009,954,88,89),(2010,958,88,87),(2011,960,88,86),(2012,962,88,89),(2013,963,88,87),(2014,964,88,86),(2015,968,88,87),(2016,969,88,89),(2017,970,88,89),(2018,971,88,90),(2019,972,88,90),(2020,974,88,90),(2021,975,88,88),(2022,977,88,88),(2023,978,88,90),(2024,979,88,88),(2025,980,88,88),(2026,981,88,88),(2027,982,88,89),(2028,983,88,89),(2029,984,88,86),(2030,987,88,88),(2031,988,88,88),(2032,989,88,89),(2033,990,88,89),(2034,991,88,89),(2035,994,88,87),(2036,997,88,87),(2037,1000,88,89),(2038,1003,88,89),(2039,1004,88,89),(2040,1007,88,87),(2041,1010,88,89),(2042,1012,88,86),(2043,1015,88,89),(2044,1017,88,89),(2045,1020,88,90),(2046,1021,88,90),(2047,1022,88,90),(2048,1023,88,87),(2049,1025,88,86),(2050,1026,88,86),(2051,1029,88,89),(2052,1030,88,88),(2053,1031,88,89),(2054,1033,88,89),(2055,1034,88,87),(2056,1036,88,89),(2057,1040,88,87),(2058,1043,88,87),(2059,1046,88,90),(2060,1049,88,89),(2061,1050,88,87),(2062,1051,88,87),(2063,1052,88,89),(2064,1001,88,92),(2065,1024,88,91),(2066,1053,88,91),(2067,911,88,96),(2068,916,88,100),(2069,917,88,100),(2070,929,88,103),(2071,949,88,98),(2072,955,88,98),(2073,959,88,98),(2074,961,88,98),(2075,965,88,96),(2076,966,88,100),(2077,973,88,97),(2078,976,88,96),(2079,986,88,96),(2080,995,88,99),(2081,996,88,99),(2082,1005,88,99),(2083,1006,88,99),(2084,1008,88,97),(2085,1014,88,97),(2086,1016,88,97),(2087,1019,88,99),(2088,1037,88,99),(2089,1038,88,100),(2090,1039,88,100),(2091,1048,88,99),(2092,946,88,90),(2093,915,64,90),(2094,921,64,90),(2095,922,64,87),(2096,927,64,90),(2097,930,64,86),(2098,931,64,87),(2099,932,64,86),(2100,936,64,87),(2101,937,64,87),(2102,939,64,87),(2103,940,64,86),(2104,941,64,87),(2105,942,64,88),(2106,943,64,87),(2107,944,64,87),(2108,945,64,86),(2109,946,64,87),(2110,947,64,86),(2111,948,64,90),(2112,950,64,90),(2113,952,64,90),(2114,954,64,90),(2115,958,64,86),(2116,960,64,86),(2117,962,64,90),(2118,963,64,90),(2119,964,64,88),(2120,968,64,89),(2121,969,64,86),(2122,970,64,90),(2123,971,64,90),(2124,972,64,86),(2125,974,64,90),(2126,975,64,86),(2127,977,64,88),(2128,978,64,90),(2129,979,64,87),(2130,980,64,86),(2131,981,64,90),(2132,982,64,88),(2133,983,64,86),(2134,984,64,87),(2135,987,64,89),(2136,988,64,89),(2137,989,64,87),(2138,990,64,90),(2139,994,64,90),(2140,997,64,90),(2141,1003,64,90),(2142,1004,64,90),(2143,1007,64,88),(2144,1010,64,86),(2145,1012,64,90),(2146,1015,64,90),(2147,1017,64,90),(2148,1020,64,90),(2149,1021,64,88),(2150,1022,64,88),(2151,1023,64,86),(2152,1030,64,90),(2153,1031,64,90),(2154,1033,64,87),(2155,1034,64,90),(2156,1036,64,86),(2157,1040,64,90),(2158,1043,64,86),(2159,1046,64,90),(2160,911,64,100),(2161,916,64,96),(2162,917,64,100),(2163,949,64,100),(2164,955,64,96),(2165,956,64,100),(2166,959,64,100),(2167,961,64,100),(2168,965,64,96),(2169,966,64,100),(2170,973,64,98),(2171,976,64,100),(2172,986,64,96),(2173,995,64,96),(2174,1005,64,98),(2175,1006,64,96),(2176,1008,64,103),(2177,1014,64,100),(2178,1016,64,100),(2179,1019,64,100),(2180,1037,64,96),(2181,1038,64,99),(2182,1039,64,97),(2183,915,127,87),(2184,1048,64,96),(2185,921,127,90),(2186,915,105,89),(2187,921,105,90),(2188,922,105,90),(2189,923,105,90),(2190,924,105,88),(2191,925,105,90),(2192,927,105,88),(2193,930,105,90),(2194,931,105,90),(2195,932,105,90),(2196,936,105,88),(2197,937,105,89),(2198,939,105,90),(2199,940,105,90),(2200,941,105,90),(2201,942,105,90),(2202,943,105,90),(2203,944,105,90),(2204,945,105,90),(2205,946,105,90),(2206,947,105,89),(2207,948,105,89),(2208,950,105,90),(2209,951,105,90),(2210,952,105,89),(2211,954,105,90),(2212,958,105,90),(2213,960,105,90),(2214,962,105,90),(2215,963,105,89),(2216,964,105,89),(2217,968,105,90),(2218,969,105,89),(2219,970,105,89),(2220,971,105,89),(2221,972,105,90),(2222,974,105,90),(2223,975,105,90),(2224,977,105,90),(2225,978,105,88),(2226,979,105,90),(2227,980,105,90),(2228,981,105,89),(2229,982,105,88),(2230,983,105,90),(2231,984,105,90),(2232,987,105,90),(2233,988,105,90),(2234,989,105,90),(2235,990,105,88),(2236,991,105,90),(2237,994,105,90),(2238,997,105,90),(2239,1000,105,88),(2240,1003,105,89),(2241,1004,105,89),(2242,1007,105,90),(2243,1010,105,90),(2244,1012,105,90),(2245,1015,105,90),(2246,1017,105,90),(2247,1020,105,90),(2248,1021,105,90),(2249,1023,105,90),(2250,1025,105,90),(2251,1026,105,88),(2252,1029,105,89),(2253,1030,105,90),(2254,906,1,86),(2255,908,1,87),(2259,950,91,89),(2260,952,91,101),(2261,954,91,89),(2262,958,91,101),(2263,960,91,89),(2264,962,91,89),(2265,963,91,89),(2266,964,91,88),(2267,968,91,87),(2268,969,91,87),(2269,970,91,88),(2270,971,91,101),(2271,972,91,90),(2272,974,91,90),(2273,975,91,89),(2274,977,110,88),(2275,1031,105,90),(2276,978,110,88),(2277,1033,105,89),(2278,1034,105,89),(2279,1036,105,89),(2280,979,110,87),(2281,1040,105,90),(2282,1043,105,88),(2283,1046,105,89),(2284,1049,105,88),(2285,1050,105,88),(2286,1051,105,88),(2287,1052,105,88),(2288,1001,105,93),(2289,1024,105,93),(2290,980,110,88),(2291,1053,105,92),(2292,911,105,99),(2293,916,105,97),(2294,981,110,87),(2295,917,105,98),(2296,929,105,97),(2297,949,105,97),(2298,955,105,100),(2299,959,105,98),(2300,982,110,86),(2301,977,91,89),(2302,961,105,98),(2303,965,105,98),(2304,966,105,98),(2305,973,105,99),(2306,983,110,88),(2307,976,105,98),(2308,984,110,89),(2309,986,105,98),(2310,987,110,90),(2311,988,110,90),(2312,989,110,89),(2313,978,91,89),(2314,993,110,87),(2315,979,91,101),(2316,994,110,89),(2317,980,91,101),(2318,997,110,89),(2319,981,91,86),(2320,999,110,87),(2321,982,91,101),(2322,1003,110,90),(2323,1004,110,90),(2324,1007,110,88),(2325,1010,110,87),(2326,1012,110,89),(2327,1020,110,90),(2328,995,105,98),(2329,996,105,98),(2330,1021,110,90),(2331,1022,110,90),(2332,1023,110,88),(2333,1033,110,88),(2334,1034,110,89),(2335,1036,110,88),(2336,1042,110,90),(2337,1005,105,99),(2338,983,91,88),(2339,984,91,89),(2340,987,91,101),(2341,988,91,101),(2342,989,91,101),(2343,990,91,88),(2344,994,91,89),(2345,997,91,89),(2346,1003,91,101),(2347,1004,91,89),(2348,1007,91,88),(2349,1010,91,89),(2350,1012,91,89),(2351,1015,91,90),(2352,1017,91,90),(2353,1020,91,90),(2354,1021,91,90),(2355,1022,91,90),(2356,937,97,89),(2357,1023,91,90),(2358,1030,91,101),(2359,1031,91,89),(2360,1033,91,89),(2361,1034,91,88),(2362,1036,91,90),(2363,1040,91,89),(2364,1043,91,89),(2365,1046,91,89),(2366,911,91,103),(2367,978,97,88),(2368,916,91,103),(2369,917,91,103),(2370,949,91,103),(2371,979,97,101),(2372,955,91,99),(2373,956,91,99),(2374,959,91,103),(2375,961,91,99),(2376,980,97,87),(2377,981,97,88),(2378,965,91,98),(2379,966,91,98),(2380,973,91,99),(2381,976,91,103),(2382,986,91,99),(2383,982,97,87),(2384,1006,105,100),(2385,995,91,103),(2386,984,97,89),(2387,983,97,87),(2388,1005,91,99),(2389,1006,91,100),(2390,1008,91,103),(2391,987,97,90),(2392,906,58,87),(2393,1014,91,99),(2394,1016,91,100),(2395,1019,91,98),(2396,908,58,87),(2397,1037,91,96),(2398,910,58,87),(2399,1038,91,100),(2400,913,58,89),(2401,1039,91,100),(2402,1048,91,99),(2403,915,58,86),(2404,918,58,90),(2405,989,97,89),(2406,921,91,89),(2407,990,97,90),(2408,921,58,90),(2409,991,97,90),(2410,1043,110,89),(2411,994,97,90),(2412,922,58,88),(2413,923,58,89),(2414,924,58,89),(2415,925,58,90),(2416,997,97,89),(2417,926,58,87),(2418,927,58,90),(2419,930,58,89),(2420,1000,97,90),(2421,931,58,88),(2422,932,58,86),(2423,936,58,87),(2424,937,58,87),(2425,939,58,89),(2426,940,58,88),(2427,941,58,86),(2428,942,58,88),(2429,943,58,86),(2430,944,58,87),(2431,945,58,86),(2432,946,58,87),(2433,947,58,87),(2434,948,58,90),(2435,950,58,90),(2436,1003,97,90),(2437,951,58,86),(2438,952,58,90),(2439,1045,110,90),(2440,1004,97,90),(2441,953,58,88),(2442,954,58,90),(2443,957,58,87),(2444,1046,110,88),(2445,1007,97,89),(2446,958,58,87),(2447,960,58,86),(2448,1047,110,87),(2449,962,58,89),(2450,1022,105,86),(2451,1010,97,89),(2452,963,58,89),(2453,964,58,86),(2454,1012,97,90),(2455,967,58,86),(2456,968,58,86),(2457,969,58,87),(2458,909,110,98),(2459,1015,97,90),(2460,970,58,90),(2461,1017,97,90),(2462,1020,97,89),(2463,1021,97,90),(2464,974,58,88),(2465,972,58,88),(2466,971,58,89),(2467,975,58,86),(2468,977,58,90),(2469,978,58,89),(2470,979,58,89),(2471,980,58,87),(2472,981,58,88),(2473,911,110,99),(2474,982,58,89),(2475,983,58,89),(2476,984,58,87),(2477,987,58,88),(2478,1022,97,90),(2479,1008,105,99),(2480,916,110,99),(2481,1014,105,98),(2482,988,58,89),(2483,1016,105,100),(2484,1019,105,99),(2485,989,58,89),(2486,917,110,97),(2487,1037,105,97),(2488,1038,105,100),(2489,1039,105,100),(2490,1023,97,90),(2491,1048,105,99),(2492,929,110,96),(2493,1025,97,101),(2494,949,110,98),(2495,1026,97,101),(2496,955,110,100),(2497,959,110,98),(2498,1029,97,90),(2499,961,110,98),(2500,1030,97,101),(2501,965,110,96),(2502,966,110,100),(2503,973,110,97),(2504,1031,97,90),(2505,1033,97,88),(2506,976,110,97),(2507,1034,97,88),(2508,1036,97,90),(2509,986,110,98),(2510,1040,97,90),(2511,995,110,97),(2512,1043,97,88),(2513,1048,110,97),(2514,1046,97,89),(2515,1049,97,90),(2516,1014,110,97),(2517,1050,97,89),(2518,1051,97,88),(2519,1052,97,90),(2520,1019,110,97),(2521,1037,110,96),(2522,1001,97,92),(2523,1038,110,99),(2524,1024,97,91),(2525,1039,110,98),(2526,1053,97,91),(2527,911,97,99),(2528,916,97,99),(2529,917,97,98),(2530,929,97,96),(2531,949,97,99),(2532,955,97,97),(2533,959,97,97),(2534,961,97,99),(2535,965,97,97),(2536,966,97,100),(2537,973,97,97),(2538,976,97,99),(2539,986,97,97),(2540,995,97,100),(2541,996,97,96),(2542,921,110,90),(2543,1005,97,99),(2544,1006,97,100),(2545,1008,97,98),(2546,942,110,89),(2547,951,110,88),(2548,958,110,87),(2549,1014,97,99),(2550,960,110,86),(2551,1016,97,99),(2552,1019,97,98),(2553,1037,97,96),(2554,1038,97,99),(2555,1039,97,100),(2556,1048,97,97),(2557,971,110,90),(2558,988,97,89),(2559,990,110,90),(2560,994,58,89),(2561,993,58,89),(2562,1015,110,90),(2563,991,58,89),(2564,990,58,89),(2565,1017,110,90),(2566,997,58,86),(2567,999,58,88),(2568,1000,58,90),(2569,1003,58,90),(2570,1040,110,89),(2571,1004,58,90),(2572,1005,110,99),(2573,1007,58,88),(2574,1009,58,89),(2575,1010,58,87),(2576,1011,58,89),(2577,1012,58,90),(2578,1013,58,90),(2579,1015,58,90),(2580,1017,58,90),(2581,1020,58,90),(2582,1021,58,90),(2583,1022,58,90),(2584,1023,58,87),(2585,1025,58,87),(2586,1026,58,87),(2587,1028,58,89),(2588,1029,58,89),(2589,1030,58,87),(2590,1031,58,89),(2591,1032,58,89),(2592,1035,58,89),(2593,1036,58,89),(2594,1040,58,89),(2595,1042,58,89),(2596,1043,58,87),(2597,1045,58,89),(2598,1046,58,90),(2599,1047,58,90),(2600,1049,58,89),(2601,915,119,90),(2602,1052,58,89),(2603,1001,58,95),(2604,1016,110,99),(2605,1024,58,94),(2606,907,58,99),(2607,921,119,90),(2608,922,119,101),(2609,909,58,97),(2610,911,58,100),(2611,923,119,88),(2612,912,58,99),(2613,924,119,88),(2614,916,58,100),(2615,925,119,90),(2616,917,58,100),(2617,1008,110,97),(2618,927,119,90),(2619,929,58,100),(2620,949,58,99),(2621,955,58,96),(2622,956,58,99),(2623,959,58,100),(2624,961,58,100),(2625,965,58,96),(2626,966,58,96),(2627,973,58,99),(2628,976,58,100),(2629,986,58,97),(2630,992,58,97),(2631,995,58,100),(2632,996,58,100),(2633,1005,58,100),(2634,1006,58,97),(2635,1008,58,98),(2636,1014,58,100),(2637,1016,58,99),(2638,1019,58,98),(2639,1037,58,99),(2640,1038,58,100),(2641,1039,58,100),(2642,1048,58,99),(2643,1048,69,99),(2644,1039,69,100),(2645,1038,69,100),(2646,1037,69,96),(2647,1019,69,96),(2648,1016,69,103),(2649,1014,69,97),(2650,1006,69,99),(2651,1008,69,103),(2652,1005,69,103),(2653,995,69,103),(2654,986,69,103),(2655,976,69,100),(2656,973,69,97),(2657,966,69,103),(2658,965,69,103),(2659,961,69,100),(2660,959,69,103),(2661,956,69,96),(2662,915,43,90),(2663,915,41,89),(2664,921,43,90),(2665,922,43,90),(2666,927,43,90),(2667,930,43,86),(2668,931,43,86),(2669,936,43,90),(2670,921,41,89),(2671,932,43,90),(2672,937,43,87),(2673,939,43,87),(2674,940,43,89),(2675,942,43,89),(2676,941,43,86),(2677,943,43,90),(2678,944,43,89),(2679,922,41,87),(2680,945,43,86),(2681,946,43,86),(2682,947,43,86),(2683,927,41,89),(2684,948,43,90),(2685,950,43,90),(2686,952,43,87),(2687,958,43,86),(2688,960,43,86),(2689,963,43,90),(2690,962,43,90),(2691,964,43,86),(2692,968,43,86),(2693,969,43,86),(2694,970,43,89),(2695,971,43,89),(2696,972,43,88),(2697,974,43,90),(2698,975,43,86),(2699,977,43,88),(2700,978,43,90),(2701,979,43,90),(2702,980,43,88),(2703,982,43,87),(2704,981,43,88),(2705,983,43,87),(2706,984,43,86),(2707,987,43,86),(2708,988,43,86),(2709,989,43,86),(2710,990,43,89),(2711,994,43,87),(2712,997,43,87),(2713,1003,43,90),(2714,1004,43,90),(2715,1007,43,87),(2716,1010,43,89),(2717,1012,43,90),(2718,1015,43,90),(2719,1017,43,90),(2720,1020,43,89),(2721,1021,43,89),(2722,1022,43,87),(2723,1023,43,87),(2724,1030,43,88),(2725,1031,43,90),(2726,1033,43,88),(2727,1034,43,88),(2728,1036,43,86),(2729,1040,43,89),(2730,1043,43,89),(2731,1046,43,89),(2732,911,43,98),(2733,916,43,100),(2734,917,43,96),(2735,949,43,100),(2736,955,43,99),(2737,956,43,99),(2738,959,43,100),(2739,961,43,100),(2740,965,43,96),(2741,966,43,103),(2742,973,43,97),(2743,976,43,100),(2744,986,43,97),(2745,995,43,99),(2746,1005,43,96),(2747,1006,43,97),(2748,1008,43,97),(2749,1014,43,100),(2750,1016,43,100),(2751,1019,43,97),(2752,1037,43,97),(2753,1038,43,100),(2754,1039,43,99),(2755,1048,43,96),(2756,954,43,89),(2757,975,108,86),(2758,977,108,88),(2759,978,108,90),(2760,979,108,88),(2761,980,108,88),(2762,981,108,88),(2763,982,108,89),(2764,983,108,87),(2765,984,108,89),(2766,987,108,89),(2767,988,108,89),(2768,989,108,89),(2769,990,108,88),(2770,994,108,90),(2771,997,108,89),(2772,999,108,90),(2773,1003,108,90),(2774,1004,108,88),(2775,1007,108,89),(2776,1010,108,88),(2777,1013,108,88),(2778,1015,108,89),(2779,1020,108,90),(2780,1021,108,89),(2781,1022,108,90),(2782,1023,108,86),(2783,1035,108,87),(2784,1036,108,89),(2785,1040,108,90),(2786,915,122,89),(2787,931,122,89),(2788,930,122,87),(2789,927,122,101),(2790,925,122,89),(2791,924,122,86),(2792,923,122,89),(2793,922,122,87),(2794,921,122,88),(2795,932,122,87),(2796,936,122,87),(2797,937,122,88),(2798,939,122,87),(2799,940,122,87),(2800,941,122,87),(2801,942,122,87),(2802,943,122,90),(2803,944,122,86),(2804,945,122,87),(2805,946,122,87),(2806,948,122,90),(2807,947,122,89),(2808,950,122,89),(2809,951,122,101),(2810,952,122,89),(2811,954,122,90),(2812,958,122,87),(2813,960,122,86),(2814,962,122,89),(2815,968,122,87),(2816,964,122,87),(2817,915,84,88),(2818,921,84,90),(2819,922,84,89),(2820,923,84,88),(2821,924,84,89),(2822,925,84,90),(2823,927,84,90),(2824,930,84,89),(2825,931,84,89),(2826,932,84,89),(2827,936,84,90),(2828,937,84,89),(2829,939,84,89),(2830,940,84,101),(2831,941,84,88),(2832,942,84,101),(2833,943,84,90),(2834,944,84,89),(2835,945,84,89),(2836,946,84,90),(2837,947,84,101),(2838,948,84,87),(2839,950,84,90),(2840,951,84,86),(2841,952,84,90),(2842,954,84,90),(2843,958,84,88),(2844,960,84,87),(2845,962,84,90),(2846,963,84,90),(2847,964,84,87),(2848,968,84,87),(2849,969,84,89),(2850,970,84,89),(2851,971,84,90),(2852,972,84,86),(2853,974,84,89),(2854,975,84,87),(2855,977,84,101),(2856,978,84,101),(2857,979,84,88),(2858,980,84,101),(2859,981,84,101),(2860,982,84,89),(2861,983,84,89),(2862,969,122,89),(2863,970,122,90),(2864,972,122,89),(2865,971,122,87),(2866,975,122,87),(2867,977,122,87),(2868,978,122,89),(2869,981,122,87),(2870,980,122,87),(2871,979,122,89),(2872,982,122,86),(2873,983,122,87),(2874,987,122,89),(2875,988,122,89),(2876,989,122,86),(2877,984,122,87),(2878,994,122,90),(2879,991,122,87),(2880,990,122,89),(2881,997,122,90),(2882,1000,122,90),(2883,1004,122,90),(2884,1007,122,86),(2885,1010,122,86),(2886,1012,122,89),(2887,1017,122,90),(2888,1015,122,87),(2889,1020,122,87),(2890,1023,122,87),(2891,1022,122,87),(2892,1021,122,90),(2893,1025,122,90),(2894,1026,122,87),(2895,1029,122,90),(2896,1030,122,87),(2897,1031,122,89),(2898,1033,122,86),(2899,1034,122,90),(2900,1036,122,86),(2901,1040,122,87),(2902,1043,122,86),(2903,1046,122,90),(2904,1049,122,90),(2905,1050,122,90),(2906,1051,122,87),(2907,1052,122,90),(2908,1001,122,102),(2909,1024,122,102),(2910,1053,122,102),(2911,911,122,99),(2912,917,122,99),(2913,916,122,97),(2914,929,122,99),(2915,949,122,99),(2916,955,122,99),(2917,959,122,100),(2918,961,122,100),(2919,965,122,96),(2920,966,122,99),(2921,973,122,99),(2922,976,122,99),(2923,986,122,97),(2924,996,122,99),(2925,995,122,97),(2926,1037,122,97),(2927,1019,122,97),(2928,1016,122,99),(2929,1014,122,99),(2930,1008,122,100),(2931,1006,122,96),(2932,1005,122,99),(2933,1039,122,99),(2934,1048,122,99),(2935,1038,122,99),(2936,963,122,90),(2937,974,122,90),(2938,915,71,89),(2939,922,71,89),(2940,921,71,89),(2941,923,71,101),(2942,924,71,101),(2943,925,71,90),(2944,927,71,90),(2945,930,71,89),(2946,931,71,90),(2947,932,71,90),(2948,936,71,90),(2949,937,71,90),(2950,939,71,89),(2951,940,71,90),(2952,941,71,90),(2953,942,71,90),(2954,943,71,90),(2955,944,71,88),(2956,945,71,90),(2957,946,71,90),(2958,947,71,101),(2959,948,71,90),(2960,950,71,90),(2961,951,71,101),(2962,952,71,87),(2963,954,71,90),(2964,960,71,88),(2965,958,71,90),(2966,962,71,90),(2967,964,71,89),(2968,968,71,86),(2969,969,71,101),(2970,970,71,90),(2971,971,71,90),(2972,972,71,89),(2973,974,71,88),(2974,975,71,90),(2975,977,71,89),(2976,978,71,89),(2977,979,71,90),(2978,980,71,89),(2979,981,71,88),(2980,982,71,89),(2981,984,71,88),(2982,983,71,89),(2983,987,71,88),(2984,988,71,88),(2985,989,71,88),(2986,991,71,89),(2987,994,71,86),(2988,990,71,89),(2989,997,71,90),(2990,915,70,89),(2991,921,70,90),(2992,922,70,87),(2993,923,70,87),(2994,924,70,88),(2995,925,70,89),(2996,927,70,90),(2997,930,70,86),(2998,931,70,87),(2999,932,70,88),(3000,936,70,89),(3001,937,70,89),(3002,939,70,86),(3003,940,70,86),(3004,941,70,88),(3005,942,70,87),(3006,943,70,89),(3007,944,70,86),(3008,945,70,87),(3009,946,70,87),(3010,947,70,86),(3011,948,70,89),(3012,950,70,90),(3013,951,70,86),(3014,952,70,89),(3015,954,70,89),(3016,958,70,86),(3017,963,71,90),(3018,1003,71,90),(3019,1004,71,90),(3020,1000,71,88),(3021,1010,71,90),(3022,1012,71,90),(3023,1020,71,90),(3024,1021,71,89),(3025,1017,71,90),(3026,1015,71,89),(3027,1023,71,88),(3028,1022,71,90),(3029,1007,71,89),(3030,1025,71,88),(3031,1026,71,88),(3032,1029,71,89),(3033,1030,71,89),(3034,1031,71,90),(3035,1033,71,88),(3036,1034,71,88),(3037,1036,71,90),(3038,1043,71,89),(3039,1046,71,88),(3040,1049,71,90),(3041,1040,71,86),(3042,1051,71,101),(3043,1052,71,90),(3044,1024,71,94),(3045,1001,71,92),(3046,1053,71,102),(3047,911,71,97),(3048,916,71,99),(3049,917,71,100),(3050,929,71,98),(3051,949,71,99),(3052,955,71,99),(3053,959,71,100),(3054,1048,71,99),(3055,1039,71,100),(3056,1037,71,97),(3057,1038,71,100),(3058,1019,71,97),(3059,1050,71,89),(3060,961,71,100),(3061,965,71,96),(3062,966,71,100),(3063,973,71,97),(3064,976,71,97),(3065,986,71,97),(3066,995,71,100),(3067,996,71,100),(3068,1005,71,99),(3069,1006,71,99),(3070,1014,71,96),(3071,1016,71,99),(3072,1008,71,100),(3073,906,137,89),(3074,910,137,89),(3075,931,137,90),(3076,932,137,90),(3077,936,137,89),(3078,937,137,88),(3079,939,137,87),(3080,940,137,86),(3081,941,137,88),(3082,943,137,89),(3083,944,137,87),(3084,945,137,89),(3085,946,137,87),(3086,960,137,87),(3087,962,137,101),(3088,964,137,87),(3089,968,137,87),(3090,971,137,101),(3091,972,137,90),(3092,974,137,90),(3093,978,137,88),(3094,981,137,88),(3095,983,137,87),(3096,1003,137,90),(3097,1004,137,90),(3098,1010,137,90),(3099,1020,137,89),(3100,1021,137,89),(3101,1022,137,89),(3102,1031,137,90),(3103,1036,137,101),(3104,1040,137,90),(3105,1046,137,90),(3106,912,137,98),(3107,959,137,100),(3108,961,137,99),(3109,965,137,97),(3110,966,137,97),(3111,973,137,96),(3112,976,137,99),(3113,995,137,98),(3114,996,137,99),(3115,1005,137,97),(3116,1006,137,99),(3117,1008,137,96),(3118,1019,137,96),(3119,1037,137,96),(3120,1038,137,100),(3121,1048,137,100),(3122,906,74,89),(3123,910,74,89),(3124,931,74,88),(3125,932,74,90),(3126,936,74,90),(3127,937,74,90),(3128,939,74,90),(3129,940,74,90),(3130,941,74,90),(3131,943,74,90),(3132,944,74,90),(3133,945,74,90),(3134,946,74,90),(3135,960,74,90),(3136,962,74,90),(3137,964,74,88),(3138,968,74,90),(3139,971,74,88),(3140,972,74,89),(3141,974,74,90),(3142,978,74,88),(3143,981,74,87),(3144,983,74,89),(3145,1003,74,90),(3146,1004,74,89),(3147,1010,74,90),(3148,1020,74,90),(3149,1021,74,90),(3150,1022,74,90),(3151,1031,74,90),(3152,1036,74,90),(3153,1040,74,90),(3154,1046,74,90),(3155,912,74,98),(3156,959,74,99),(3157,961,74,99),(3158,965,74,97),(3159,966,74,100),(3160,973,74,96),(3161,976,74,97),(3162,995,74,97),(3163,996,74,100),(3164,1005,74,100),(3165,1006,74,100),(3166,1008,74,97),(3167,1019,74,97),(3168,1037,74,96),(3169,1038,74,100),(3170,1048,74,100),(3171,906,39,90),(3172,908,39,90),(3173,906,52,87),(3174,910,52,89),(3175,931,52,87),(3176,932,52,89),(3177,936,52,90),(3178,937,52,90),(3179,939,52,90),(3180,940,52,89),(3181,941,52,90),(3182,943,52,90),(3183,944,52,89),(3184,945,52,89),(3185,946,52,89),(3186,960,52,89),(3187,962,52,90),(3188,964,52,87),(3189,968,52,89),(3190,971,52,89),(3191,972,52,89),(3192,974,52,89),(3193,978,52,90),(3194,981,52,87),(3195,983,52,90),(3196,1003,52,89),(3197,1004,52,90),(3198,1010,52,89),(3199,1020,52,90),(3200,915,49,89),(3201,1021,52,90),(3202,1022,52,90),(3203,1031,52,90),(3204,1036,52,90),(3205,921,49,89),(3206,922,49,87),(3207,923,49,87),(3208,1040,52,89),(3209,924,49,87),(3210,925,49,88),(3211,927,49,89),(3212,930,49,88),(3213,931,49,88),(3214,936,49,89),(3215,937,49,89),(3216,939,49,89),(3217,940,49,89),(3218,941,49,89),(3219,942,49,89),(3220,943,49,89),(3221,944,49,87),(3222,945,49,88),(3223,946,49,89),(3224,947,49,87),(3225,948,49,89),(3226,950,49,89),(3227,951,49,88),(3228,952,49,89),(3229,954,49,88),(3230,958,49,87),(3231,1048,49,99),(3232,1039,49,99),(3233,1038,49,99),(3234,1037,49,99),(3235,1019,49,98),(3236,1016,49,97),(3237,1014,49,100),(3238,1008,49,99),(3239,1006,49,98),(3240,1005,49,98),(3241,996,49,99),(3242,995,49,97),(3243,986,49,97),(3244,976,49,100),(3245,1046,52,90),(3246,973,49,99),(3247,912,52,97),(3248,966,49,99),(3249,965,49,97),(3250,960,49,86),(3251,959,52,100),(3252,962,49,88),(3253,963,49,88),(3254,961,52,100),(3255,965,52,98),(3256,964,49,87),(3257,968,49,88),(3258,969,49,88),(3259,966,52,98),(3260,970,49,89),(3261,973,52,97),(3262,971,49,88),(3263,972,49,89),(3264,974,49,89),(3265,975,49,89),(3266,977,49,88),(3267,978,49,89),(3268,979,49,88),(3269,980,49,88),(3270,981,49,88),(3271,982,49,89),(3272,983,49,88),(3273,984,49,89),(3274,987,49,88),(3275,988,49,88),(3276,989,49,89),(3277,990,49,88),(3278,991,49,101),(3279,994,49,101),(3280,997,49,101),(3281,1003,49,101),(3282,1000,49,101),(3283,1004,49,101),(3284,1007,49,101),(3285,1010,49,101),(3286,1012,49,101),(3287,1015,49,101),(3288,1017,49,101),(3289,1020,49,101),(3290,1021,49,101),(3291,1022,49,101),(3292,1023,49,101),(3293,976,52,97),(3294,1025,49,101),(3295,1026,49,101),(3296,1029,49,101),(3297,1030,49,101),(3298,1031,49,101),(3299,1033,49,101),(3300,1034,49,101),(3301,1036,49,101),(3302,1040,49,101),(3303,1043,49,101),(3304,1049,49,101),(3305,1046,49,101),(3306,1050,49,101),(3307,1051,49,101),(3308,1052,49,101),(3309,1001,49,102),(3310,1024,49,102),(3311,1053,49,102),(3312,911,49,103),(3313,916,49,103),(3314,917,49,103),(3315,929,49,103),(3316,949,49,103),(3317,955,49,103),(3318,959,49,103),(3319,961,49,103),(3320,932,49,89),(3321,995,52,99),(3322,996,52,100),(3323,1005,52,99),(3324,1006,52,100),(3325,1008,52,97),(3326,1019,52,99),(3327,1038,52,100),(3328,1048,52,100),(3329,1037,52,96),(3330,910,39,89),(3331,1041,108,90),(3332,1043,108,89),(3333,1045,108,89),(3334,1046,108,87),(3335,1047,108,87),(3336,907,108,96),(3337,909,108,96),(3338,911,108,98),(3339,912,108,96),(3340,916,108,99),(3341,917,108,96),(3342,929,108,96),(3343,949,108,96),(3344,955,108,97),(3345,956,108,99),(3346,959,108,99),(3347,961,108,98),(3348,965,108,99),(3349,966,108,99),(3350,973,108,99),(3351,976,108,98),(3352,986,108,97),(3353,992,108,96),(3354,995,108,98),(3355,1008,108,98),(3356,1016,108,98),(3357,1019,108,99),(3358,1037,108,97),(3359,1038,108,100),(3360,1039,108,100),(3361,1048,108,100),(3362,997,70,89),(3363,1000,70,90),(3364,1003,70,90),(3365,1004,70,89),(3366,906,51,88),(3367,910,51,89),(3368,931,51,90),(3369,932,51,90),(3370,936,51,90),(3371,937,51,90),(3372,939,51,89),(3373,940,51,86),(3374,941,51,90),(3375,943,51,90),(3376,944,51,89),(3377,945,51,88),(3378,946,51,90),(3379,960,51,86),(3380,962,51,89),(3381,964,51,86),(3382,968,51,87),(3383,971,51,90),(3384,972,51,90),(3385,974,51,89),(3386,978,51,90),(3387,981,51,88),(3388,983,51,89),(3389,1003,51,90),(3390,1004,51,90),(3391,1010,51,90),(3392,1020,51,90),(3393,1021,51,90),(3394,1022,51,89),(3395,1031,51,90),(3396,1036,51,90),(3397,1040,51,88),(3398,1046,51,88),(3399,912,51,96),(3400,959,51,100),(3401,961,51,98),(3402,965,51,99),(3403,966,51,96),(3404,973,51,96),(3405,976,51,96),(3406,995,51,99),(3407,996,51,97),(3408,1005,51,100),(3409,1006,51,100),(3410,1008,51,97),(3411,1019,51,96),(3412,1037,51,96),(3413,1038,51,98),(3414,1048,51,100),(3415,1007,70,87),(3416,1010,70,89),(3417,1012,70,90),(3418,960,70,87),(3419,962,70,89),(3420,963,70,89),(3421,964,70,90),(3422,968,70,87),(3423,969,70,87),(3424,970,70,90),(3425,971,70,89),(3426,972,70,89),(3427,974,70,89),(3428,975,70,89),(3429,977,70,88),(3430,978,70,89),(3431,979,70,88),(3432,980,70,86),(3433,981,70,87),(3434,982,70,89),(3435,983,70,87),(3436,984,70,89),(3437,987,70,89),(3438,988,70,89),(3439,989,70,89),(3440,915,50,87),(3441,922,50,89),(3442,921,50,90),(3443,927,50,89),(3444,930,102,86),(3445,931,102,86),(3446,932,102,89),(3447,936,102,88),(3448,937,102,88),(3449,939,102,90),(3450,940,102,88),(3451,941,102,86),(3452,942,102,88),(3453,943,102,89),(3454,944,102,89),(3455,945,102,86),(3456,946,102,87),(3457,947,102,88),(3458,948,102,87),(3459,950,102,87),(3460,952,102,90),(3461,954,102,101),(3462,958,102,86),(3463,960,102,86),(3464,962,102,90),(3465,963,102,90),(3466,964,102,86),(3467,968,102,86),(3468,969,102,86),(3469,970,102,90),(3470,971,102,90),(3471,972,102,90),(3472,974,102,90),(3473,975,102,86),(3474,977,102,89),(3475,978,102,101),(3476,979,102,101),(3477,980,102,88),(3478,981,102,88),(3479,982,102,86),(3480,983,102,101),(3481,984,102,86),(3482,987,102,86),(3483,988,102,86),(3484,989,102,86),(3485,990,102,88),(3486,994,102,89),(3487,997,102,89),(3488,1003,102,88),(3489,1004,102,90),(3490,1007,102,86),(3491,1010,102,88),(3492,1012,102,90),(3493,1015,102,90),(3494,1017,102,90),(3495,1020,102,90),(3496,1021,102,88),(3497,1022,102,89),(3498,1023,102,86),(3499,1030,102,88),(3500,1031,102,90),(3501,1033,102,88),(3502,1034,102,89),(3503,1036,102,87),(3504,1040,102,90),(3505,1043,102,86),(3506,1046,102,90),(3507,911,102,100),(3508,916,102,100),(3509,917,102,100),(3510,949,102,100),(3511,955,102,99),(3512,956,102,100),(3513,959,102,100),(3514,961,102,100),(3515,965,102,96),(3516,966,102,100),(3517,973,102,98),(3518,976,102,98),(3519,986,102,97),(3520,995,102,99),(3521,1005,102,103),(3522,1006,102,96),(3523,1008,102,96),(3524,1014,102,100),(3525,1016,102,100),(3526,1019,102,97),(3527,1037,102,97),(3528,1038,102,100),(3529,1039,102,100),(3530,1048,102,100),(3531,906,163,90),(3532,910,163,90),(3533,931,163,90),(3534,932,163,90),(3535,936,163,90),(3536,937,163,90),(3537,939,163,90),(3538,940,163,90),(3539,941,163,89),(3540,943,163,90),(3541,944,163,89),(3542,945,163,90),(3543,946,163,90),(3544,960,163,89),(3545,962,163,90),(3546,964,163,89),(3547,968,163,89),(3548,971,163,90),(3549,972,163,90),(3550,974,163,88),(3551,978,163,88),(3552,981,163,88),(3553,983,163,90),(3554,1003,163,90),(3555,1004,163,90),(3556,1010,163,90),(3557,1020,163,90),(3558,1021,163,90),(3559,1022,163,90),(3560,1031,163,90),(3561,1036,163,90),(3562,1040,163,87),(3563,1046,163,89),(3564,912,163,97),(3565,959,163,97),(3566,961,163,98),(3567,965,163,98),(3568,966,163,97),(3569,973,163,97),(3570,976,163,97),(3571,995,163,99),(3572,996,163,100),(3573,1005,163,98),(3574,1006,163,99),(3575,1008,163,97),(3576,1019,163,98),(3577,1037,163,96),(3578,1038,163,99),(3579,1048,163,99),(3580,906,166,90),(3581,908,166,88),(3582,910,166,89),(3583,913,166,89),(3584,914,166,90),(3585,915,166,90),(3586,918,166,90),(3587,919,166,89),(3588,920,166,90),(3589,922,166,88),(3590,926,166,88),(3591,927,166,89),(3592,928,166,89),(3593,930,166,89),(3594,931,166,90),(3595,932,166,89),(3596,936,166,89),(3597,937,166,90),(3598,939,166,89),(3599,940,166,89),(3600,941,166,89),(3601,942,166,88),(3602,943,166,89),(3603,944,166,89),(3604,945,166,89),(3605,946,166,89),(3606,947,166,88),(3607,948,166,90),(3608,950,166,90),(3609,951,166,88),(3610,952,166,90),(3611,953,166,90),(3612,954,166,90),(3613,957,166,90),(3614,958,166,88),(3615,960,166,88),(3616,967,166,88),(3617,969,166,88),(3618,970,166,89),(3619,971,166,89),(3620,972,166,87),(3621,974,166,88),(3622,975,166,88),(3623,977,166,90),(3624,978,166,88),(3625,979,166,88),(3626,980,166,88),(3627,981,166,88),(3628,982,166,88),(3629,983,166,88),(3630,984,166,89),(3631,987,166,88),(3632,988,166,89),(3633,989,166,88),(3634,990,166,89),(3635,994,166,89),(3636,997,166,89),(3637,999,166,88),(3638,1003,166,90),(3639,1004,166,90),(3640,1007,166,88),(3641,1010,166,89),(3642,1013,166,89),(3643,1015,166,89),(3644,1020,166,88),(3645,1021,166,90),(3646,1022,166,88),(3647,1023,166,90),(3648,1035,166,87),(3649,1036,166,88),(3650,1040,166,89),(3651,1041,166,90),(3652,1043,166,88),(3653,1045,166,88),(3654,1046,166,89),(3655,1047,166,89),(3656,907,166,98),(3657,909,166,98),(3658,911,166,98),(3659,912,166,96),(3660,916,166,98),(3661,917,166,97),(3662,929,166,97),(3663,949,166,96),(3664,955,166,96),(3665,956,166,98),(3666,959,166,97),(3667,961,166,98),(3668,965,166,98),(3669,966,166,98),(3670,973,166,96),(3671,976,166,97),(3672,986,166,97),(3673,992,166,98),(3674,995,166,97),(3675,1008,166,98),(3676,1016,166,98),(3677,1019,166,97),(3678,1037,166,97),(3679,1038,166,99),(3680,1039,166,97),(3681,1048,166,99),(3682,906,134,86),(3683,908,134,90),(3684,910,134,89),(3685,913,134,90),(3686,914,134,89),(3687,915,134,88),(3688,919,134,89),(3689,920,134,89),(3690,922,134,88),(3691,926,134,88),(3692,927,134,90),(3693,930,134,88),(3694,931,134,89),(3695,932,134,90),(3696,933,134,89),(3697,934,134,90),(3698,935,134,90),(3699,938,134,90),(3700,939,134,88),(3701,940,134,88),(3702,941,134,88),(3703,942,134,88),(3704,943,134,90),(3705,944,134,90),(3706,945,134,87),(3707,946,134,90),(3708,947,134,87),(3709,948,134,87),(3710,951,134,87),(3711,952,134,89),(3712,953,134,90),(3713,954,134,88),(3714,957,134,89),(3715,958,134,89),(3716,960,134,86),(3717,962,134,88),(3718,963,134,88),(3719,964,134,88),(3720,967,134,87),(3721,970,134,89),(3722,971,134,90),(3723,972,134,90),(3724,906,140,89),(3725,974,134,90),(3726,982,134,88),(3727,908,140,90),(3728,983,134,89),(3729,910,140,90),(3730,913,140,90),(3731,915,140,90),(3732,918,140,90),(3733,921,140,90),(3734,922,140,90),(3735,923,140,90),(3736,924,140,90),(3737,925,140,90),(3738,926,140,101),(3739,927,140,101),(3740,930,140,90),(3741,931,140,90),(3742,932,140,89),(3743,936,140,89),(3744,937,140,89),(3745,939,140,89),(3746,940,140,89),(3747,941,140,89),(3748,942,140,90),(3749,943,140,89),(3750,944,140,90),(3751,945,140,90),(3752,946,140,90),(3753,947,140,89),(3754,948,140,89),(3755,990,134,90),(3756,991,134,90),(3757,951,140,89),(3758,950,140,90),(3759,952,140,89),(3760,993,134,88),(3761,953,140,89),(3762,954,140,89),(3763,994,134,89),(3764,957,140,89),(3765,958,140,90),(3766,997,134,88),(3767,999,134,89),(3768,1002,134,89),(3769,1003,134,90),(3770,1004,134,90),(3771,1009,134,90),(3772,1011,134,89),(3773,1013,134,87),(3774,1018,134,90),(3775,1020,134,89),(3776,1021,134,90),(3777,1022,134,90),(3778,1028,134,88),(3779,1029,134,87),(3780,1030,134,88),(3781,1032,134,88),(3782,1035,134,88),(3783,1036,134,90),(3784,960,140,89),(3785,962,140,90),(3786,963,140,90),(3787,964,140,89),(3788,967,140,89),(3789,968,140,90),(3790,969,140,90),(3791,970,140,90),(3792,972,140,90),(3793,971,140,90),(3794,974,140,90),(3795,975,140,90),(3796,977,140,90),(3797,978,140,89),(3798,979,140,90),(3799,980,140,89),(3800,981,140,89),(3801,982,140,89),(3802,983,140,89),(3803,984,140,88),(3804,987,140,89),(3805,988,140,89),(3806,989,140,89),(3807,990,140,90),(3808,991,140,90),(3809,993,140,89),(3810,994,140,90),(3811,997,140,90),(3812,999,140,89),(3813,1000,140,89),(3814,1003,140,89),(3815,1004,140,90),(3816,1007,140,90),(3817,1009,140,89),(3818,1010,140,89),(3819,1011,140,89),(3820,1012,140,90),(3821,1013,140,90),(3822,1015,140,90),(3823,1017,140,90),(3824,1020,140,90),(3825,1021,140,90),(3826,1022,140,89),(3827,1023,140,88),(3828,1025,140,90),(3829,1026,140,89),(3830,1028,140,90),(3831,1029,140,90),(3832,1030,140,90),(3833,1031,140,90),(3834,1032,140,89),(3835,1035,140,89),(3836,1036,140,90),(3837,1040,140,90),(3838,1042,140,89),(3839,1043,140,88),(3840,1045,140,89),(3841,1046,140,89),(3842,1047,140,90),(3843,1049,140,90),(3844,1052,140,90),(3845,1001,140,92),(3846,1024,140,95),(3847,907,140,97),(3848,909,140,97),(3849,911,140,97),(3850,912,140,97),(3851,916,140,97),(3852,917,140,96),(3853,929,140,96),(3854,949,140,96),(3855,955,140,96),(3856,956,140,97),(3857,959,140,97),(3858,961,140,97),(3859,965,140,98),(3860,966,140,97),(3861,973,140,97),(3862,976,140,98),(3863,986,140,97),(3864,992,140,97),(3865,995,140,96),(3866,996,140,97),(3867,1005,140,98),(3868,1006,140,99),(3869,1008,140,103),(3870,1014,140,99),(3871,1016,140,98),(3872,1019,140,97),(3873,1037,140,97),(3874,1038,140,98),(3875,1039,140,97),(3876,1048,140,98),(3877,906,136,89),(3878,908,136,89),(3879,910,136,90),(3880,913,136,89),(3881,915,136,89),(3882,918,136,90),(3883,921,136,90),(3884,922,136,88),(3885,923,136,89),(3886,924,136,89),(3887,925,136,89),(3888,926,136,89),(3889,927,136,88),(3890,930,136,89),(3891,931,136,89),(3892,932,136,88),(3893,936,136,89),(3894,937,136,88),(3895,939,136,89),(3896,940,136,88),(3897,941,136,87),(3898,942,136,89),(3899,943,136,90),(3900,944,136,89),(3901,945,136,89),(3902,946,136,89),(3903,947,136,88),(3904,948,136,87),(3905,950,136,90),(3906,951,136,88),(3907,952,136,89),(3908,953,136,88),(3909,954,136,90),(3910,957,136,89),(3911,958,136,87),(3912,960,136,88),(3913,962,136,101),(3914,963,136,101),(3915,964,136,88),(3916,967,136,88),(3917,968,136,87),(3918,969,136,89),(3919,970,136,90),(3920,971,136,90),(3921,972,136,87),(3922,974,136,101),(3923,975,136,87),(3924,977,136,88),(3925,978,136,90),(3926,979,136,101),(3927,980,136,88),(3928,981,136,87),(3929,982,136,87),(3930,983,136,89),(3931,984,136,89),(3932,987,136,89),(3933,988,136,88),(3934,989,136,88),(3935,990,136,90),(3936,991,136,90),(3937,993,136,89),(3938,994,136,90),(3939,997,136,89),(3940,999,136,89),(3941,1000,136,86),(3942,1003,136,90),(3943,1004,136,90),(3944,1007,136,89),(3945,1009,136,89),(3946,1011,136,89),(3947,1012,136,90),(3948,1013,136,89),(3949,1015,136,89),(3950,1017,136,90),(3951,1020,136,90),(3952,1021,136,90),(3953,1022,136,87),(3954,1023,136,90),(3955,1025,136,101),(3956,1026,136,101),(3957,1028,136,90),(3958,1029,136,90),(3959,1030,136,86),(3960,1031,136,90),(3961,1032,136,101),(3962,1035,136,87),(3963,1036,136,89),(3964,1040,136,88),(3965,1042,136,90),(3966,1043,136,90),(3967,1045,136,90),(3968,1046,136,90),(3969,1047,136,90),(3970,1049,136,90),(3971,1052,136,90),(3972,1001,136,102),(3973,1024,136,102),(3974,907,136,99),(3975,909,136,96),(3976,911,136,103),(3977,912,136,96),(3978,916,136,97),(3979,917,136,96),(3980,929,136,96),(3981,949,136,103),(3982,955,136,97),(3983,956,136,98),(3984,959,136,97),(3985,961,136,97),(3986,906,133,90),(3987,910,133,89),(3988,914,133,89),(3989,915,133,90),(3990,918,133,89),(3991,919,133,90),(3992,928,133,90),(3993,933,133,90),(3994,934,133,90),(3995,935,133,101),(3996,938,133,101),(3997,953,133,88),(3998,957,133,87),(3999,958,133,89),(4000,967,133,89),(4001,991,133,90),(4002,990,133,90),(4003,997,133,89),(4004,1002,133,87),(4005,1007,133,89),(4006,1011,133,90),(4007,1013,133,90),(4008,1018,133,90),(4009,1028,133,90),(4010,1047,133,90),(4011,909,133,97),(4012,912,133,97),(4013,917,133,99),(4014,961,133,99),(4015,965,133,97),(4016,973,133,97),(4017,976,133,97),(4018,992,133,99),(4019,995,133,99),(4020,1008,133,99),(4021,915,139,90),(4022,1010,136,89),(4023,965,136,96),(4024,966,136,96),(4025,973,136,96),(4026,976,136,96),(4027,986,136,96),(4028,992,136,96),(4029,995,136,98),(4030,996,136,97),(4031,1005,136,99),(4032,1006,136,97),(4033,1008,136,98),(4034,1014,136,99),(4035,1016,136,99),(4036,1019,136,96),(4037,1037,136,96),(4038,1038,136,100),(4039,1039,136,100),(4040,1048,136,97),(4041,915,152,89),(4042,921,152,89),(4043,922,152,89),(4044,923,152,90),(4045,924,152,90),(4046,925,152,89),(4047,927,152,90),(4048,930,152,88),(4049,931,152,89),(4050,932,152,90),(4051,936,152,89),(4052,937,152,89),(4053,939,152,89),(4054,940,152,89),(4055,941,152,87),(4056,942,152,89),(4057,943,152,90),(4058,944,152,89),(4059,945,152,90),(4060,946,152,90),(4061,947,152,89),(4062,948,152,90),(4063,950,152,90),(4064,951,152,89),(4065,952,152,90),(4066,954,152,90),(4067,958,152,89),(4068,960,152,88),(4069,962,152,89),(4070,963,152,89),(4071,964,152,87),(4072,968,152,89),(4073,969,152,89),(4074,970,152,89),(4075,971,152,89),(4076,972,152,87),(4077,974,152,90),(4078,975,152,89),(4079,977,152,89),(4080,978,152,89),(4081,979,152,88),(4082,980,152,88),(4083,981,152,88),(4084,982,152,88),(4085,983,152,88),(4086,984,152,89),(4087,987,152,89),(4088,988,152,89),(4089,989,152,89),(4090,990,152,89),(4091,991,152,89),(4092,994,152,89),(4093,997,152,89),(4094,1000,152,86),(4095,1003,152,87),(4096,1004,152,87),(4097,1007,152,89),(4098,1010,152,89),(4099,1012,152,89),(4100,1015,152,88),(4101,1017,152,90),(4102,1020,152,89),(4103,1021,152,88),(4104,1022,152,89),(4105,1023,152,87),(4106,1025,152,89),(4107,1026,152,87),(4108,1029,152,87),(4109,1030,152,87),(4110,1031,152,89),(4111,1033,152,89),(4112,1034,152,89),(4113,1036,152,89),(4114,1040,152,88),(4115,1043,152,89),(4116,1046,152,87),(4117,1049,152,89),(4118,1050,152,89),(4119,1051,152,89),(4120,1052,152,89),(4121,1001,152,102),(4122,1024,152,92),(4123,1053,152,94),(4124,911,152,99),(4125,916,152,99),(4126,917,152,97),(4127,929,152,97),(4128,949,152,97),(4129,955,152,97),(4130,959,152,97),(4131,961,152,97),(4132,965,152,97),(4133,966,152,98),(4134,973,152,98),(4135,976,152,97),(4136,986,152,98),(4137,995,152,97),(4138,996,152,98),(4139,1005,152,98),(4140,1006,152,97),(4141,1008,152,98),(4142,1014,152,100),(4143,1016,152,98),(4144,1019,152,97),(4145,1037,152,97),(4146,1038,152,99),(4147,1039,152,98),(4148,1048,152,96),(4149,906,141,90),(4150,913,141,101),(4151,914,141,101),(4152,915,141,90),(4153,918,141,90),(4154,928,141,90),(4155,948,141,90),(4156,950,141,90),(4157,952,141,90),(4158,953,141,101),(4159,954,141,101),(4160,957,141,101),(4161,958,141,101),(4162,971,141,101),(4163,972,141,88),(4164,974,141,88),(4165,985,141,90),(4166,997,141,89),(4167,998,141,90),(4168,999,141,90),(4169,1007,141,90),(4170,1040,141,90),(4171,1027,141,90),(4172,1041,141,90),(4173,1044,141,90),(4174,1045,141,90),(4175,1047,141,90),(4176,909,141,96),(4177,917,141,96),(4178,929,141,96),(4179,949,141,96),(4180,955,141,96),(4181,959,141,97),(4182,973,141,96),(4183,976,141,96),(4184,995,141,99),(4185,1039,141,99),(4186,1038,141,99),(4187,921,139,88),(4188,922,139,90),(4189,923,139,90),(4190,924,139,86),(4191,925,139,87),(4192,927,139,90),(4193,930,139,87),(4194,931,139,89),(4195,932,139,89),(4196,936,139,90),(4197,937,139,90),(4198,939,139,88),(4199,940,139,88),(4200,941,139,87),(4201,942,139,89),(4202,943,139,89),(4203,944,139,89),(4204,945,139,87),(4205,946,139,87),(4206,947,139,87),(4207,948,139,87),(4208,950,139,89),(4209,951,139,86),(4210,952,139,90),(4211,954,139,89),(4212,958,139,89),(4213,960,139,87),(4214,962,139,89),(4215,963,139,89),(4216,964,139,87),(4217,968,139,87),(4218,969,139,89),(4219,970,139,90),(4220,971,139,89),(4221,972,139,86),(4222,974,139,89),(4223,975,139,87),(4224,977,139,88),(4225,978,139,89),(4226,979,139,88),(4227,980,139,88),(4228,981,139,88),(4229,982,139,87),(4230,983,139,88),(4231,984,139,87),(4232,987,139,89),(4233,988,139,88),(4234,989,139,87),(4235,990,139,89),(4236,991,139,89),(4237,994,139,87),(4238,997,139,87),(4239,1000,139,87),(4240,1003,139,88),(4241,1004,139,89),(4242,1007,139,88),(4243,1010,139,89),(4244,1012,139,89),(4245,1015,139,88),(4246,1017,139,89),(4247,1020,139,87),(4248,1021,139,87),(4249,1022,139,87),(4250,1023,139,89),(4251,1025,139,89),(4252,1026,139,87),(4253,1029,139,89),(4254,1030,139,88),(4255,1031,139,89),(4256,1033,139,89),(4257,1034,139,90),(4258,1036,139,87),(4259,1040,139,87),(4260,1043,139,86),(4261,1046,139,90),(4262,1049,139,89),(4263,1050,139,89),(4264,1051,139,88),(4265,1052,139,89),(4266,1001,139,92),(4267,1024,139,93),(4268,1053,139,93),(4269,906,56,88),(4270,911,139,99),(4271,910,56,88),(4272,916,139,99),(4273,931,56,90),(4274,932,56,90),(4275,917,139,99),(4276,936,56,90),(4277,937,56,89),(4278,939,56,90),(4279,929,139,96),(4280,940,56,87),(4281,949,139,99),(4282,941,56,101),(4283,943,56,89),(4284,955,139,97),(4285,959,139,99),(4286,944,56,89),(4287,945,56,90),(4288,961,139,98),(4289,946,56,90),(4290,960,56,101),(4291,965,139,97),(4292,966,139,97),(4293,973,139,97),(4294,962,56,90),(4295,976,139,97),(4296,964,56,86),(4297,968,56,87),(4298,986,139,99),(4299,995,139,99),(4300,996,139,97),(4301,1005,139,99),(4302,1006,139,97),(4303,1008,139,99),(4304,1014,139,99),(4305,1016,139,99),(4306,971,56,89),(4307,1019,139,96),(4308,1037,139,98),(4309,1038,139,100),(4310,972,56,90),(4311,1039,139,100),(4312,974,56,90),(4313,1048,139,99),(4314,978,56,90),(4315,981,56,89),(4316,983,56,89),(4317,1003,56,90),(4318,1004,56,90),(4319,1010,56,90),(4320,1020,56,90),(4321,1021,56,90),(4322,1022,56,90),(4323,1031,56,90),(4324,1036,56,89),(4325,1040,56,90),(4326,1046,56,90),(4327,912,56,100),(4328,959,56,100),(4329,961,56,100),(4330,965,56,96),(4331,966,56,99),(4332,973,56,97),(4333,976,56,99),(4334,995,56,100),(4335,996,56,100),(4336,1005,56,103),(4337,1006,56,96),(4338,1008,56,103),(4339,1019,56,97),(4340,1037,56,99),(4341,1038,56,100),(4342,1048,56,96),(4343,915,34,89),(4344,921,34,90),(4345,922,34,89),(4346,923,34,86),(4347,924,34,89),(4348,925,34,89),(4349,927,34,89),(4350,930,34,90),(4351,931,34,89),(4352,932,34,90),(4353,936,34,90),(4354,937,34,90),(4355,939,34,90),(4356,940,34,89),(4357,941,34,90),(4358,942,34,90),(4359,943,34,90),(4360,944,34,89),(4361,945,34,90),(4362,946,34,90),(4363,947,34,89),(4364,948,34,87),(4365,950,34,90),(4366,951,34,87),(4367,952,34,89),(4368,954,34,89),(4369,958,34,89),(4370,960,34,89),(4371,962,34,88),(4372,963,34,88),(4373,964,34,89),(4374,968,34,89),(4375,969,34,90),(4376,970,34,90),(4377,971,34,90),(4378,972,34,90),(4379,974,34,89),(4380,975,34,90),(4381,977,34,90),(4382,978,34,89),(4383,915,94,90),(4384,932,94,90),(4385,936,94,88),(4386,915,60,89),(4387,1030,70,89),(4388,1031,70,90),(4389,1033,70,89),(4390,1034,70,90),(4391,1036,70,89),(4392,1040,70,89),(4393,1043,70,87),(4394,1046,70,90),(4395,1049,70,90),(4396,1050,70,90),(4397,1051,70,88),(4398,1052,70,90),(4399,1001,70,93),(4400,1024,70,92),(4401,1053,70,92),(4402,911,70,97),(4403,916,70,100),(4404,917,70,100),(4405,929,70,99),(4406,949,70,100),(4407,955,70,97),(4408,1040,134,90),(4409,1047,134,88),(4410,907,134,99),(4411,909,134,99),(4412,911,134,98),(4413,912,134,96),(4414,917,134,99),(4415,929,134,96),(4416,955,134,97),(4417,956,134,97),(4418,959,134,98),(4419,961,134,97),(4420,965,134,98),(4421,973,134,97),(4422,976,134,96),(4423,992,134,98),(4424,995,134,97),(4425,996,134,97),(4426,1008,134,100),(4427,1014,134,99),(4428,1016,134,98),(4429,1019,134,97),(4430,1038,134,99),(4431,1039,134,100),(4432,1048,134,99),(4433,906,143,89),(4434,910,143,90),(4435,914,143,90),(4436,915,143,101),(4437,918,143,90),(4438,919,143,101),(4439,928,143,90),(4440,933,143,101),(4441,934,143,101),(4442,935,143,90),(4443,938,143,101),(4444,953,143,89),(4445,957,143,89),(4446,958,143,90),(4447,967,143,87),(4448,990,143,90),(4449,991,143,101),(4450,997,143,90),(4451,1002,143,90),(4452,1007,143,90),(4453,1011,143,88),(4454,1013,143,88),(4455,906,158,89),(4456,910,158,90),(4457,1018,143,101),(4458,1028,143,90),(4459,914,158,88),(4460,918,158,90),(4461,1047,143,87),(4462,919,158,90),(4463,909,143,97),(4464,928,158,87),(4465,933,158,90),(4466,912,143,97),(4467,934,158,90),(4468,917,143,97),(4469,961,143,98),(4470,965,143,97),(4471,973,143,96),(4472,935,158,90),(4473,938,158,90),(4474,953,158,89),(4475,976,143,97),(4476,957,158,87),(4477,992,143,97),(4478,958,158,87),(4479,967,158,89),(4480,995,143,96),(4481,1008,143,100),(4482,990,158,89),(4483,991,158,88),(4484,997,158,88),(4485,1002,158,90),(4486,1007,158,89),(4487,1011,158,90),(4488,1013,158,88),(4489,1018,158,89),(4490,1028,158,101),(4491,1047,158,88),(4492,909,158,97),(4493,912,158,97),(4494,917,158,98),(4495,961,158,99),(4496,965,158,98),(4497,973,158,97),(4498,976,158,100),(4499,992,158,100),(4500,995,158,96),(4501,1008,158,98),(4502,915,158,89),(4503,915,106,88),(4504,921,106,90),(4505,922,106,89),(4506,923,106,90),(4507,924,106,90),(4508,925,106,90),(4509,927,106,90),(4510,930,106,89),(4511,931,106,87),(4512,932,106,90),(4513,936,106,88),(4514,937,106,88),(4515,939,106,86),(4516,940,106,87),(4517,941,106,89),(4518,942,106,89),(4519,943,106,90),(4520,944,106,88),(4521,945,106,89),(4522,946,106,90),(4523,947,106,88),(4524,948,106,89),(4525,950,106,89),(4526,951,106,89),(4527,952,106,89),(4528,954,106,89),(4529,958,106,90),(4530,960,106,88),(4531,962,106,90),(4532,963,106,89),(4533,964,106,89),(4534,968,106,89),(4535,969,106,101),(4536,970,106,89),(4537,971,106,89),(4538,972,106,90),(4539,974,106,89),(4540,975,106,88),(4541,977,106,89),(4542,978,106,87),(4543,979,106,88),(4544,980,106,89),(4545,981,106,88),(4546,982,106,90),(4547,983,106,88),(4548,984,106,88),(4549,987,106,90),(4550,988,106,89),(4551,989,106,89),(4552,990,106,89),(4553,991,106,89),(4554,994,106,87),(4555,997,106,89),(4556,1000,106,89),(4557,1003,106,89),(4558,1004,106,89),(4559,1007,106,89),(4560,1010,106,88),(4561,1012,106,90),(4562,1015,106,89),(4563,1017,106,88),(4564,1020,106,89),(4565,1021,106,89),(4566,1022,106,88),(4567,1023,106,87),(4568,1025,106,89),(4569,1026,106,89),(4570,1029,106,89),(4571,1030,106,101),(4572,1031,106,89),(4573,1033,106,88),(4574,1034,106,87),(4575,1036,106,88),(4576,1040,106,89),(4577,1043,106,88),(4578,1046,106,89),(4579,1049,106,89),(4580,1050,106,89),(4581,1051,106,87),(4582,1052,106,87),(4583,1001,106,93),(4584,1024,106,94),(4585,1053,106,91),(4586,911,106,98),(4587,1048,106,100),(4588,1039,106,99),(4589,1038,106,100),(4590,1037,106,98),(4591,1019,106,98),(4592,1016,106,99),(4593,1014,106,99),(4594,1008,106,98),(4595,1006,106,99),(4596,1005,106,99),(4597,996,106,99),(4598,995,106,99),(4599,916,106,98),(4600,917,106,99),(4601,929,106,99),(4602,949,106,97),(4603,955,106,99),(4604,959,106,99),(4605,961,106,100),(4606,965,106,98),(4607,966,106,98),(4608,973,106,99),(4609,976,106,99),(4610,986,106,96),(4611,906,35,86),(4612,908,35,90),(4613,910,35,89),(4614,913,35,90),(4615,914,35,90),(4616,915,35,90),(4617,919,35,88),(4618,920,35,90),(4619,922,35,88),(4620,926,35,87),(4621,927,35,90),(4622,930,35,87),(4623,931,35,89),(4624,932,35,89),(4625,933,35,90),(4626,934,35,90),(4627,935,35,90),(4628,938,35,90),(4629,939,35,89),(4630,940,35,90),(4631,941,35,89),(4632,942,35,88),(4633,943,35,89),(4634,944,35,87),(4635,945,35,88),(4636,946,35,89),(4637,947,35,86),(4638,948,35,88),(4639,915,130,90),(4640,923,130,90),(4641,924,130,86),(4642,925,130,90),(4643,927,130,89),(4644,930,130,88),(4645,931,130,89),(4646,932,130,88),(4647,936,130,89),(4648,937,130,90),(4649,940,130,89),(4650,941,130,87),(4651,939,130,89),(4652,942,130,89),(4653,943,130,90),(4654,944,130,90),(4655,945,130,90),(4656,946,130,89),(4657,947,130,101),(4658,948,130,89),(4659,950,130,90),(4660,951,130,101),(4661,952,130,88),(4662,951,35,87),(4663,952,35,89),(4664,953,35,87),(4665,954,35,90),(4666,957,35,86),(4667,958,35,87),(4668,960,35,86),(4669,962,35,90),(4670,963,35,89),(4671,964,35,89),(4672,967,35,87),(4673,970,35,90),(4674,971,35,89),(4675,972,35,87),(4676,974,35,89),(4677,982,35,89),(4678,983,35,88),(4679,990,35,89),(4680,991,35,87),(4681,993,35,86),(4682,994,35,86),(4683,997,35,87),(4684,999,35,89),(4685,1002,35,89),(4686,1003,35,90),(4687,1004,35,90),(4688,1009,35,88),(4689,1011,35,89),(4690,1013,35,89),(4691,1018,35,90),(4692,1020,35,89),(4693,1021,35,89),(4694,1022,35,89),(4695,1028,35,90),(4696,1029,35,90),(4697,1030,35,89),(4698,1032,35,89),(4699,1035,35,90),(4700,1036,35,89),(4701,1040,35,88),(4702,1047,35,87),(4703,907,35,96),(4704,909,35,103),(4705,911,35,96),(4706,912,35,100),(4707,917,35,100),(4708,929,35,99),(4709,955,35,97),(4710,956,35,100),(4711,959,35,100),(4712,961,35,100),(4713,965,35,98),(4714,973,35,97),(4715,976,35,100),(4716,992,35,96),(4717,995,35,99),(4718,996,35,100),(4719,1008,35,100),(4720,1014,35,100),(4721,1016,35,100),(4722,1019,35,99),(4723,1038,35,100),(4724,1039,35,100),(4725,1048,35,98),(4726,921,69,101),(4727,922,69,88),(4728,927,69,101),(4729,930,69,101),(4730,931,69,90),(4731,932,69,88),(4732,936,69,89),(4733,937,69,89),(4734,939,69,88),(4735,940,69,87),(4736,941,69,90),(4737,942,69,89),(4738,943,69,89),(4739,944,69,87),(4740,945,69,88),(4741,946,69,88),(4742,947,69,86),(4743,948,69,101),(4744,950,69,90),(4745,955,69,103),(4746,949,69,103),(4747,917,69,96),(4748,916,69,103),(4749,911,69,103),(4750,1033,69,89),(4751,1046,69,90),(4752,1043,69,87),(4753,1036,69,88),(4754,1040,69,90),(4755,1034,69,90),(4756,1031,69,90),(4757,1030,69,90),(4758,1023,69,88),(4759,1022,69,90),(4760,1021,69,101),(4761,1020,69,90),(4762,1017,69,90),(4763,952,69,101),(4764,954,69,87),(4765,958,69,101),(4766,960,69,86),(4767,962,69,101),(4768,963,69,101),(4769,964,69,101),(4770,968,69,87),(4771,969,69,101),(4772,970,69,90),(4773,972,69,88),(4774,971,69,101),(4775,974,69,90),(4776,975,69,89),(4777,977,69,90),(4778,978,69,101),(4779,979,69,101),(4780,980,69,101),(4781,981,69,101),(4782,982,69,101),(4783,983,69,90),(4784,984,69,90),(4785,987,69,101),(4786,988,69,101),(4787,989,69,101),(4788,990,69,101),(4789,994,69,88),(4790,997,69,89),(4791,1003,69,101),(4792,1004,69,101),(4793,1007,69,101),(4794,1010,69,89),(4795,1012,69,90),(4796,1015,69,90),(4797,921,36,90),(4798,922,36,86),(4799,923,36,90),(4800,915,67,89),(4801,924,36,90),(4802,925,36,90),(4803,921,67,89),(4804,922,67,87),(4805,927,36,90),(4806,923,67,87),(4807,924,67,86),(4808,930,36,86),(4809,925,67,89),(4810,931,36,89),(4811,954,130,88),(4812,927,67,89),(4813,932,36,90),(4814,930,67,87),(4815,936,36,89),(4816,931,67,89),(4817,958,130,90),(4818,932,67,90),(4819,936,67,89),(4820,937,36,87),(4821,937,67,89),(4822,960,130,90),(4823,939,67,89),(4824,940,67,89),(4825,962,130,90),(4826,939,36,87),(4827,941,67,89),(4828,963,130,101),(4829,940,36,87),(4830,942,67,89),(4831,943,67,89),(4832,944,67,88),(4833,945,67,89),(4834,946,67,89),(4835,941,36,87),(4836,964,130,90),(4837,947,67,86),(4838,948,67,89),(4839,950,67,89),(4840,968,130,89),(4841,951,67,89),(4842,969,130,90),(4843,952,67,90),(4844,942,36,89),(4845,954,67,89),(4846,943,36,90),(4847,944,36,87),(4848,958,67,87),(4849,960,67,87),(4850,962,67,90),(4851,945,36,90),(4852,946,36,90),(4853,963,67,90),(4854,964,67,87),(4855,968,67,87),(4856,947,36,87),(4857,969,67,87),(4858,970,67,89),(4859,948,36,87),(4860,971,67,90),(4861,950,36,90),(4862,972,67,89),(4863,951,36,90),(4864,974,67,89),(4865,975,67,89),(4866,977,67,89),(4867,978,67,90),(4868,980,67,87),(4869,979,67,87),(4870,952,36,89),(4871,954,36,90),(4872,981,67,87),(4873,982,67,87),(4874,983,67,88),(4875,984,67,88),(4876,987,67,89),(4877,988,67,89),(4878,989,67,89),(4879,990,67,89),(4880,991,67,89),(4881,994,67,89),(4882,997,67,89),(4883,1000,67,90),(4884,1003,67,90),(4885,1004,67,90),(4886,1007,67,88),(4887,1010,67,89),(4888,958,36,90),(4889,960,36,86),(4890,962,36,89),(4891,963,36,89),(4892,964,36,86),(4893,968,36,87),(4894,969,36,86),(4895,970,36,89),(4896,915,65,90),(4897,1012,67,89),(4898,1015,67,87),(4899,921,65,90),(4900,971,36,89),(4901,922,65,87),(4902,923,65,87),(4903,924,65,89),(4904,972,36,90),(4905,974,36,89),(4906,975,36,87),(4907,977,36,101),(4908,1017,67,90),(4909,1020,67,90),(4910,1021,67,88),(4911,1022,67,87),(4912,1023,67,87),(4913,1025,67,87),(4914,1026,67,87),(4915,1029,67,90),(4916,978,36,90),(4917,1030,67,87),(4918,1031,67,90),(4919,1033,67,90),(4920,925,65,90),(4921,1034,67,90),(4922,1036,67,87),(4923,1040,67,90),(4924,1043,67,89),(4925,1046,67,89),(4926,972,130,90),(4927,970,130,90),(4928,974,130,90),(4929,975,130,90),(4930,977,130,90),(4931,1049,67,90),(4932,1050,67,90),(4933,1051,67,90),(4934,1052,67,90),(4935,1001,67,92),(4936,1024,67,92),(4937,1053,67,92),(4938,927,65,90),(4939,911,67,99),(4940,930,65,88),(4941,931,65,88),(4942,916,67,100),(4943,932,65,88),(4944,936,65,87),(4945,917,67,99),(4946,937,65,87),(4947,939,65,89),(4948,929,67,99),(4949,940,65,89),(4950,949,67,99),(4951,955,67,97),(4952,959,67,97),(4953,961,67,99),(4954,941,65,88),(4955,965,67,97),(4956,966,67,97),(4957,942,65,90),(4958,973,67,97),(4959,943,65,90),(4960,944,65,87),(4961,945,65,88),(4962,976,67,98),(4963,946,65,89),(4964,986,67,97),(4965,947,65,86),(4966,995,67,97),(4967,996,67,97),(4968,948,65,87),(4969,950,65,88),(4970,951,65,87),(4971,952,65,87),(4972,1005,67,99),(4973,1006,67,97),(4974,1008,67,97),(4975,1014,67,99),(4976,1016,67,99),(4977,1019,67,99),(4978,1037,67,97),(4979,1038,67,100),(4980,1039,67,100),(4981,1048,67,100),(4982,954,65,88),(4983,958,65,87),(4984,960,65,86),(4985,962,65,90),(4986,963,65,87),(4987,964,65,86),(4988,979,36,90),(4989,980,36,88),(4990,968,65,88),(4991,969,65,88),(4992,981,36,88),(4993,982,36,88),(4994,970,65,90),(4995,971,65,90),(4996,972,65,89),(4997,974,65,89),(4998,975,65,87),(4999,977,65,101),(5000,978,65,101),(5001,979,65,88),(5002,980,65,88),(5003,981,65,87),(5004,982,65,89),(5005,983,65,89),(5006,984,65,89),(5007,987,65,101),(5008,988,65,101),(5009,989,65,101),(5010,990,65,87),(5011,991,65,88),(5012,994,65,88),(5013,997,65,87),(5014,1000,65,87),(5015,1003,65,89),(5016,1004,65,89),(5017,1007,65,88),(5018,1010,65,87),(5019,1012,65,87),(5020,1015,65,89),(5021,1017,65,90),(5022,1020,65,90),(5023,1021,65,90),(5024,1022,65,90),(5025,1023,65,88),(5026,1025,65,89),(5027,1026,65,87),(5028,1029,65,90),(5029,1030,65,86),(5030,1031,65,90),(5031,1033,65,86),(5032,1034,65,88),(5033,1036,65,87),(5034,1040,65,88),(5035,1043,65,89),(5036,1046,65,90),(5037,1049,65,90),(5038,1050,65,90),(5039,1051,65,89),(5040,1052,65,90),(5041,1001,65,92),(5042,1024,65,92),(5043,1053,65,92),(5044,911,65,98),(5045,916,65,100),(5046,917,65,99),(5047,929,65,100),(5048,949,65,99),(5049,955,65,96),(5050,959,65,100),(5051,961,65,99),(5052,965,65,97),(5053,966,65,98),(5054,973,65,97),(5055,976,65,98),(5056,986,65,98),(5057,995,65,99),(5058,996,65,97),(5059,1005,65,97),(5060,1006,65,97),(5061,1008,65,97),(5062,1014,65,98),(5063,1016,65,98),(5064,1019,65,97),(5065,1037,65,97),(5066,1038,65,100),(5067,1039,65,100),(5068,1048,65,96),(5069,983,36,87),(5070,984,36,87),(5071,987,36,89),(5072,988,36,89),(5073,989,36,88),(5074,990,36,88),(5075,991,36,89),(5076,994,36,90),(5077,997,36,86),(5078,1000,36,90),(5079,1003,36,90),(5080,1004,36,89),(5081,1007,36,88),(5082,1010,36,87),(5083,1012,36,90),(5084,1015,36,87),(5085,1017,36,90),(5086,1020,36,90),(5087,1021,36,90),(5088,1022,36,90),(5089,1023,36,88),(5090,1025,36,90),(5091,1026,36,89),(5092,1029,36,89),(5093,1030,36,90),(5094,1031,36,90),(5095,1033,36,87),(5096,1034,36,89),(5097,1036,36,87),(5098,1048,130,96),(5099,1039,130,100),(5100,1038,130,100),(5101,1037,130,97),(5102,1019,130,99),(5103,930,119,101),(5104,931,119,87),(5105,932,119,88),(5106,936,119,87),(5107,937,119,88),(5108,939,119,89),(5109,940,119,86),(5110,941,119,87),(5111,942,119,87),(5112,943,119,89),(5113,944,119,101),(5114,945,119,87),(5115,946,119,88),(5116,947,119,101),(5117,948,119,90),(5118,950,119,90),(5119,951,119,86),(5120,952,119,89),(5121,954,119,88),(5122,958,119,89),(5123,960,119,87),(5124,962,119,89),(5125,963,119,88),(5126,964,119,86),(5127,968,119,87),(5128,969,119,87),(5129,970,119,89),(5130,1040,36,88),(5131,1043,36,90),(5132,1048,119,97),(5133,1039,119,100),(5134,1038,119,100),(5135,1046,36,89),(5136,1037,119,97),(5137,1019,119,98),(5138,1049,36,90),(5139,1050,36,90),(5140,1016,119,98),(5141,1014,119,97),(5142,1051,36,90),(5143,1008,119,103),(5144,1006,119,97),(5145,1052,36,90),(5146,1005,119,103),(5147,1001,36,94),(5148,1024,36,94),(5149,996,119,99),(5150,1053,36,94),(5151,995,119,99),(5152,986,119,103),(5153,976,119,99),(5154,973,119,97),(5155,966,119,103),(5156,965,119,103),(5157,961,119,99),(5158,959,119,103),(5159,955,119,99),(5160,949,119,103),(5161,929,119,103),(5162,917,119,103),(5163,916,119,99),(5164,1031,119,89),(5165,1030,119,88),(5166,1029,119,89),(5167,1026,119,88),(5168,1025,119,89),(5169,974,119,89),(5170,975,119,87),(5171,977,119,88),(5172,978,119,88),(5173,979,119,88),(5174,980,119,88),(5175,981,119,101),(5176,982,119,88),(5177,983,119,88),(5178,1012,119,89),(5179,1015,119,89),(5180,1017,119,89),(5181,1020,119,90),(5182,1021,119,89),(5183,1022,119,89),(5184,1023,119,87),(5185,1033,119,88),(5186,1034,119,89),(5187,1036,119,89),(5188,1040,119,89),(5189,1043,119,89),(5190,1046,119,90),(5191,1049,119,89),(5192,1050,119,89),(5193,1051,119,88),(5194,1052,119,87),(5195,1001,119,102),(5196,1024,119,94),(5197,1053,119,92),(5198,911,119,103),(5199,1007,119,88),(5200,1010,119,89),(5201,1004,119,89),(5202,1003,119,90),(5203,1000,119,90),(5204,997,119,87),(5205,994,119,90),(5206,991,119,90),(5207,984,119,88),(5208,972,119,87),(5209,987,119,88),(5210,988,119,88),(5211,989,119,86),(5212,990,119,90),(5213,971,119,90),(5214,911,36,99),(5215,916,36,100),(5216,917,36,99),(5217,929,36,97),(5218,949,36,97),(5219,955,36,97),(5220,959,36,100),(5221,961,36,96),(5222,965,36,96),(5223,966,36,103),(5224,973,36,96),(5225,976,36,99),(5226,986,36,98),(5227,995,36,98),(5228,996,36,97),(5229,1005,36,103),(5230,1006,36,100),(5231,1008,36,96),(5232,1014,36,100),(5233,1016,36,103),(5234,1019,36,96),(5235,1037,36,96),(5236,1038,36,100),(5237,1039,36,100),(5238,1048,36,99),(5239,984,84,89),(5240,987,84,90),(5241,988,84,89),(5242,989,84,88),(5243,990,84,90),(5244,991,84,89),(5245,994,84,90),(5246,997,84,89),(5247,1000,84,90),(5248,1003,84,90),(5249,1004,84,90),(5250,1007,84,89),(5251,1010,84,89),(5252,1012,84,89),(5253,1015,84,90),(5254,1017,84,90),(5255,1020,84,90),(5256,1021,84,90),(5257,1022,84,86),(5258,1023,84,89),(5259,1025,84,90),(5260,1026,84,88),(5261,1029,84,90),(5262,1030,84,90),(5263,1031,84,90),(5264,1033,84,89),(5265,1034,84,88),(5266,1036,84,89),(5267,1040,84,89),(5268,1043,84,89),(5269,1046,84,90),(5270,1049,84,90),(5271,984,104,89),(5272,987,104,88),(5273,988,104,88),(5274,989,104,88),(5275,990,104,89),(5276,991,104,89),(5277,994,104,89),(5278,997,104,89),(5279,1000,104,87),(5280,1003,104,89),(5281,1004,104,89),(5282,1007,104,88),(5283,1010,104,89),(5284,1012,104,89),(5285,1015,104,89),(5286,1017,104,89),(5287,1020,104,89),(5288,1021,104,89),(5289,1022,104,89),(5290,1023,104,89),(5291,1025,104,89),(5292,1026,104,88),(5293,1029,104,89),(5294,1030,104,89),(5295,1031,104,88),(5296,1033,104,88),(5297,1034,104,89),(5298,1036,104,89),(5299,1040,104,89),(5300,1043,104,88),(5301,1046,104,89),(5302,1049,104,89),(5303,1050,104,89),(5304,1051,104,89),(5305,1052,104,89),(5306,1001,104,95),(5307,1024,104,93),(5308,1053,104,93),(5309,911,104,98),(5310,916,104,99),(5311,917,104,96),(5312,929,104,96),(5313,949,104,99),(5314,955,104,98),(5315,959,104,98),(5316,961,104,99),(5317,965,104,98),(5318,966,104,98),(5319,973,104,98),(5320,976,104,99),(5321,986,104,98),(5322,995,104,98),(5323,996,104,99),(5324,1005,104,99),(5325,1006,104,99),(5326,1008,104,98),(5327,1014,104,98),(5328,1016,104,98),(5329,1019,104,98),(5330,1037,104,97),(5331,1038,104,99),(5332,1039,104,99),(5333,1048,104,98),(5334,983,104,89),(5335,980,34,89),(5336,979,34,90),(5337,981,34,90),(5338,982,34,90),(5339,983,34,90),(5340,984,34,90),(5341,987,34,90),(5342,988,34,90),(5343,989,34,88),(5344,990,34,89),(5345,991,34,89),(5346,994,34,90),(5347,997,34,90),(5348,1000,34,88),(5349,1003,34,90),(5350,1004,34,90),(5351,1007,34,90),(5352,1010,34,90),(5353,1012,34,90),(5354,1015,34,89),(5355,1017,34,90),(5356,1020,34,90),(5357,1021,34,90),(5358,1022,34,90),(5359,1023,34,90),(5360,1025,34,89),(5361,1026,34,89),(5362,1029,34,86),(5363,1030,34,87),(5364,1031,34,89),(5365,1033,34,90),(5366,1034,34,90),(5367,1036,34,89),(5368,1040,34,89),(5369,1043,34,89),(5370,1046,34,89),(5371,1049,34,90),(5372,1050,34,89),(5373,1051,34,89),(5374,1052,34,90),(5375,1001,34,94),(5376,1024,34,94),(5377,1053,34,94),(5378,911,34,99),(5379,916,34,99),(5380,917,34,98),(5381,929,34,98),(5382,949,34,97),(5383,955,34,97),(5384,959,34,99),(5385,961,34,99),(5386,965,34,96),(5387,966,34,97),(5388,973,34,97),(5389,976,34,97),(5390,986,34,97),(5391,995,34,99),(5392,996,34,97),(5393,1005,34,96),(5394,1006,34,99),(5395,1008,34,98),(5396,1014,34,99),(5397,1016,34,98),(5398,1019,34,97),(5399,1037,34,98),(5400,1038,34,100),(5401,1039,34,100),(5402,1048,34,98),(5403,1050,84,90),(5404,1051,84,89),(5405,1052,84,90),(5406,1001,84,94),(5407,1024,84,94),(5408,1053,84,93),(5409,911,84,98),(5410,916,84,98),(5411,917,84,99),(5412,929,84,99),(5413,949,84,97),(5414,955,84,97),(5415,959,84,97),(5416,961,84,99),(5417,965,84,98),(5418,966,84,98),(5419,973,84,97),(5420,976,84,97),(5421,986,84,97),(5422,995,84,98),(5423,996,84,96),(5424,1005,84,99),(5425,1006,84,99),(5426,1008,84,103),(5427,1014,84,98),(5428,1016,84,98),(5429,1019,84,97),(5430,1037,84,96),(5431,1038,84,100),(5432,1039,84,100),(5433,1048,84,99),(5434,915,120,90),(5435,921,120,90),(5436,922,120,90),(5437,923,120,90),(5438,924,120,89),(5439,925,120,90),(5440,927,120,90),(5441,930,120,89),(5442,931,120,89),(5443,932,120,90),(5444,936,120,90),(5445,937,120,90),(5446,939,120,90),(5447,940,120,90),(5448,941,120,88),(5449,942,120,89),(5450,943,120,90),(5451,944,120,87),(5452,945,120,89),(5453,946,120,89),(5454,947,120,88),(5455,948,120,90),(5456,950,120,90),(5457,951,120,90),(5458,952,120,90),(5459,954,120,90),(5460,958,120,90),(5461,960,120,89),(5462,962,120,90),(5463,963,120,90),(5464,964,120,90),(5465,968,120,89),(5466,969,120,87),(5467,970,120,90),(5468,971,120,90),(5469,972,120,90),(5470,974,120,90),(5471,975,120,88),(5472,977,120,90),(5473,978,120,90),(5474,979,120,86),(5475,980,120,90),(5476,981,120,86),(5477,982,120,87),(5478,983,120,89),(5479,984,120,90),(5480,987,120,90),(5481,988,120,90),(5482,989,120,90),(5483,990,120,89),(5484,991,120,90),(5485,994,120,90),(5486,997,120,90),(5487,1000,120,90),(5488,1003,120,90),(5489,1004,120,90),(5490,1007,120,89),(5491,1010,120,89),(5492,1012,120,90),(5493,1015,120,90),(5494,1017,120,90),(5495,1020,120,90),(5496,1021,120,89),(5497,1022,120,90),(5498,1023,120,90),(5499,1025,120,89),(5500,1026,120,88),(5501,1029,120,90),(5502,1030,120,89),(5503,1031,120,90),(5504,1033,120,89),(5505,1034,120,89),(5506,1036,120,90),(5507,1040,120,90),(5508,1043,120,88),(5509,1046,120,87),(5510,1049,120,89),(5511,1050,120,89),(5512,1051,120,89),(5513,1052,120,90),(5514,1001,120,92),(5515,1024,120,92),(5516,1053,120,93),(5517,911,120,100),(5518,916,120,100),(5519,917,120,97),(5520,929,120,97),(5521,949,120,98),(5522,955,120,96),(5523,959,120,97),(5524,961,120,98),(5525,965,120,97),(5526,966,120,97),(5527,973,120,97),(5528,976,120,97),(5529,986,120,97),(5530,995,120,99),(5531,996,120,99),(5532,1005,120,99),(5533,1006,120,99),(5534,1008,120,99),(5535,1014,120,99),(5536,1016,120,99),(5537,1019,120,99),(5538,1037,120,96),(5539,1038,120,100),(5540,1039,120,100),(5541,1048,120,97),(5542,906,98,89),(5543,910,98,89),(5544,914,98,89),(5545,915,98,87),(5546,918,98,90),(5547,921,98,90),(5548,922,98,90),(5549,927,98,90),(5550,930,98,87),(5551,931,98,89),(5552,932,98,88),(5553,936,98,89),(5554,937,98,89),(5555,939,98,89),(5556,940,98,88),(5557,941,98,89),(5558,942,98,89),(5559,943,98,87),(5560,944,98,87),(5561,945,98,88),(5562,946,98,90),(5563,947,98,86),(5564,948,98,90),(5565,950,98,90),(5566,951,98,90),(5567,952,98,89),(5568,953,98,90),(5569,954,98,90),(5570,958,98,89),(5571,960,98,87),(5572,968,98,87),(5573,969,98,90),(5574,971,98,90),(5575,972,98,90),(5576,975,98,89),(5577,977,98,90),(5578,978,98,90),(5579,979,98,90),(5580,980,98,89),(5581,981,98,87),(5582,982,98,90),(5583,983,98,87),(5584,984,98,89),(5585,987,98,90),(5586,988,98,89),(5587,989,98,89),(5588,990,98,90),(5589,993,98,89),(5590,994,98,89),(5591,997,98,89),(5592,999,98,87),(5593,1003,98,90),(5594,1004,98,90),(5595,1007,98,90),(5596,1010,98,87),(5597,1012,98,90),(5598,1015,98,90),(5599,1017,98,89),(5600,1020,98,90),(5601,1021,98,90),(5602,1022,98,89),(5603,1023,98,89),(5604,1033,98,86),(5605,1034,98,89),(5606,1036,98,89),(5607,1040,98,90),(5608,1042,98,89),(5609,1043,98,87),(5610,1045,98,90),(5611,1046,98,90),(5612,1047,98,89),(5613,909,98,97),(5614,911,98,98),(5615,916,98,100),(5616,917,98,96),(5617,929,98,96),(5618,949,98,96),(5619,955,98,98),(5620,959,98,100),(5621,961,98,99),(5622,965,98,97),(5623,966,98,99),(5624,973,98,100),(5625,976,98,99),(5626,986,98,97),(5627,995,98,100),(5628,1005,98,97),(5629,1008,98,100),(5630,1014,98,100),(5631,1016,98,99),(5632,1019,98,100),(5633,1037,98,96),(5634,1038,98,100),(5635,1039,98,99),(5636,1048,98,100),(5637,906,146,87),(5638,910,146,87),(5639,1008,146,99),(5640,995,146,97),(5641,992,146,97),(5642,976,146,99),(5643,973,146,99),(5644,965,146,97),(5645,961,146,99),(5646,917,146,97),(5647,912,146,98),(5648,909,146,98),(5649,1047,146,89),(5650,1028,146,90),(5651,1018,146,90),(5652,1013,146,88),(5653,1011,146,89),(5654,1007,146,87),(5655,1002,146,90),(5656,997,146,89),(5657,991,146,89),(5658,990,146,87),(5659,967,146,89),(5660,958,146,87),(5661,957,146,89),(5662,953,146,89),(5663,938,146,89),(5664,935,146,90),(5665,934,146,90),(5666,933,146,89),(5667,928,146,90),(5668,919,146,89),(5669,918,146,89),(5670,915,146,87),(5671,914,146,89),(5672,915,167,88),(5673,921,167,86),(5674,922,167,89),(5675,923,167,87),(5676,924,167,87),(5677,925,167,101),(5678,927,167,87),(5679,930,167,87),(5680,931,167,90),(5681,932,167,90),(5682,936,167,90),(5683,937,167,87),(5684,939,167,101),(5685,940,167,87),(5686,941,167,86),(5687,942,167,86),(5688,944,167,86),(5689,945,167,86),(5690,946,167,86),(5691,948,167,86),(5692,950,167,86),(5693,951,167,87),(5694,952,167,87),(5695,954,167,90),(5696,958,167,87),(5697,960,167,88),(5698,1025,167,101),(5699,1016,167,98),(5700,1014,167,100),(5701,1008,167,99),(5702,1019,167,100),(5703,1037,167,103),(5704,1038,167,98),(5705,1039,167,103),(5706,1048,167,100),(5707,1033,167,90),(5708,1031,167,90),(5709,1030,167,89),(5710,1029,167,101),(5711,1026,167,101),(5712,1023,167,88),(5713,1022,167,87),(5714,1021,167,90),(5715,1020,167,87),(5716,1017,167,90),(5717,1015,167,87),(5718,1012,167,101),(5719,1010,167,101),(5720,1007,167,101),(5721,1004,167,90),(5722,1003,167,90),(5723,1000,167,90),(5724,997,167,90),(5725,994,167,87),(5726,991,167,90),(5727,990,167,87),(5728,989,167,90),(5729,988,167,87),(5730,987,167,87),(5731,984,167,87),(5732,983,167,101),(5733,981,167,101),(5734,982,167,88),(5735,980,167,101),(5736,979,167,90),(5737,978,167,90),(5738,977,167,90),(5739,975,167,87),(5740,974,167,87),(5741,972,167,88),(5742,971,167,101),(5743,970,167,88),(5744,969,167,88),(5745,968,167,101),(5746,964,167,88),(5747,963,167,101),(5748,962,167,88),(5749,1034,167,88),(5750,1036,167,101),(5751,1040,167,101),(5752,1043,167,101),(5753,1046,167,88),(5754,1049,167,88),(5755,1050,167,87),(5756,1051,167,90),(5757,1052,167,87),(5758,1001,167,92),(5759,1024,167,95),(5760,1053,167,102),(5761,911,167,100),(5762,916,167,99),(5763,917,167,99),(5764,929,167,100),(5765,949,167,96),(5766,955,167,96),(5767,959,167,96),(5768,961,167,97),(5769,965,167,97),(5770,966,167,100),(5771,973,167,100),(5772,976,167,100),(5773,986,167,97),(5774,995,167,100),(5775,996,167,100),(5776,1005,167,100),(5777,1006,167,100),(5778,943,167,87),(5779,947,167,88);
/*!40000 ALTER TABLE `survey_answer` ENABLE KEYS */;
UNLOCK TABLES;

--
-- Table structure for table `survey_answerrange`
--

DROP TABLE IF EXISTS `survey_answerrange`;
/*!40101 SET @saved_cs_client     = @@character_set_client */;
/*!50503 SET character_set_client = utf8mb4 */;
CREATE TABLE `survey_answerrange` (
  `id` int NOT NULL AUTO_INCREMENT,
  `title` varchar(200) NOT NULL,
  `order` int NOT NULL,
  PRIMARY KEY (`id`)
) ENGINE=InnoDB AUTO_INCREMENT=23 DEFAULT CHARSET=latin1;
/*!40101 SET character_set_client = @saved_cs_client */;

--
-- Dumping data for table `survey_answerrange`
--

LOCK TABLES `survey_answerrange` WRITE;
/*!40000 ALTER TABLE `survey_answerrange` DISABLE KEYS */;
INSERT INTO `survey_answerrange` VALUES (20,'Agree',0),(21,'Frequency',0),(22,'Disagree',0);
/*!40000 ALTER TABLE `survey_answerrange` ENABLE KEYS */;
UNLOCK TABLES;

--
-- Table structure for table `survey_characteristic`
--

DROP TABLE IF EXISTS `survey_characteristic`;
/*!40101 SET @saved_cs_client     = @@character_set_client */;
/*!50503 SET character_set_client = utf8mb4 */;
CREATE TABLE `survey_characteristic` (
  `id` int NOT NULL AUTO_INCREMENT,
  `code` varchar(10) NOT NULL,
  `title` varchar(200) NOT NULL,
  `description` longtext NOT NULL,
  `characteristic_category_id` int DEFAULT NULL,
  PRIMARY KEY (`id`),
  KEY `survey_characteristic_e4f31b5` (`characteristic_category_id`)
) ENGINE=InnoDB AUTO_INCREMENT=359 DEFAULT CHARSET=latin1;
/*!40101 SET character_set_client = @saved_cs_client */;

--
-- Dumping data for table `survey_characteristic`
--

LOCK TABLES `survey_characteristic` WRITE;
/*!40000 ALTER TABLE `survey_characteristic` DISABLE KEYS */;
INSERT INTO `survey_characteristic` VALUES (287,'COR_WCR','Willingness to collaborate on requirements','Whether or not developers and businesses are open to collaborating with on the requirements.  ',11),(288,'COR_BICR','Buy-In to collaborate on requirements','Managers, PMs/CAMs, and Bas see the value in collaborating on requirements',11),(289,'EST_BIE','Buy-In for Group Estimation','Whether or not the team is willing to take responsibility for making the estimates',11),(290,'EST_REL','Engagement in Relative Estimation','s',4),(291,'EST_TCE','Estimating with the Business','s',11),(292,'VBD_BIV','Buy-In for Value Based Documentation','Whether or not the team is willing to work with documentation that adds value ',13),(293,'VBD_UVD','Understanding of VBD ','Whether or not the team understands what is VBD and the benefits of it.',10),(294,'VOR_BIV','Buy-in for Value Oriented Requirements','Whether or not the Business supports the development of story mapping and personas',9),(295,'VOR_CVR','Competence of Value Oriented Requirements','Assess the Business stakeholders have the knowledge to develop personas, user stories, slice the stories and create a story map',1),(296,'FTF_CFF','Current use of face to face','To what degree the current organization is communicating face-to-face',10),(297,'FTF_BIF','Buy-In for Face to face communication','Whether or not team is willing to support face to face communication',10),(298,'CHA_UCH','Current use of chartering ','To what degree the current organization is chartering.',1),(299,'CHA_BIC','Team\'s Buy-in for chartering','Whether or not managers are willing to support the chartering process along with delivery team',9),(300,'CHA_BTI','Business\'s willingness to receive team input','Whether or not Business is willing to participate in chartering',11),(301,'APN_PDM','Plan-driven mentality','s',13),(302,'APN_WCP','Willingness to change plans','s',13),(303,'APN_EMP','Employing multiple planning horizons','s',1),(304,'BLG_YCB','Yield control to business','s',11),(305,'BLG_BE','Business Engagement','s',11),(306,'BLG_BIB','Buy-in for maintaing a backlog','s',9),(307,'BLG_UMB','Understanding nature of mainting a backlog','s',1),(308,'FDB_BIF','Buy-in for frequent feedback','s',9),(309,'FDB_UVF','Understanding nature of frequent feedback','s',13),(310,'FDB_UIC','Understanding impact of change','s',13),(311,'FDB_REB','Reasonable expectations from business','s',11),(312,'EMT_TRT','Trust among team members','s',2),(313,'EMT_ETM','Employees\' trust of management','s',2),(314,'EMT_MTE','Management\'s trust of employee','s',2),(315,'EMT_COT','Culture of trust within organization','s',2),(316,'EMT_HRM','Team harmony','s',2),(317,'EMT_TCA','Team commitment and accountability','The team holds each other accountable for their commitment of delivering against the plans and not accepting mediocre work from each other.',2),(318,'PER_UNA','Uncertainty avoidance','x',13),(319,'PER_FER','Acceptance of refactoring','w',13),(320,'PER_CRV','Certainty that requirements evolve','d',13),(321,'PER_BRT','Business representation throughout the project','f',11),(322,'PER_ATP','Availability of analyst throughout the project','f',11),(323,'PER_BIP','Buy-in for progressive elaboration of requirements','f',9),(324,'BDI_PND','Prioritizing Needs','f',11),(325,'G_TSL','Trust Between Silos','s',2),(326,'FDP_PE','Process Existence','s',1),(327,'FDP_RFP','Regard for process','s',1),(328,'FDP_UFD','Familiarity with frequent delivery','s',1),(329,'FDP_HFD','Handling more frequent deliveries','d',9),(330,'FDP_BIF','Buy in for frequent delivery process','s',9),(331,'CGS_ECS','Existence of Coding Standards ','s',8),(332,'CGS_BIC','Buy in for Coding Standards','a',9),(333,'SOT_GST','Generalizing Specialist','s',5),(334,'SOT_RCM','Richness of communication','s',10),(335,'SOT_AOI','Accessibility of information','s',1),(336,'SOT_BIS','Buy-in for self-organized teams','s',9),(337,'SOT_RS','Reward systems','s',4),(338,'SOT_UPC','Understanding project context','s',10),(339,'SOT_ATN','Autonomy','n',2),(340,'TDD_CTD','Competence of Test Driven Development','n',8),(341,'TDD_BIT','Buy-in for Test Driven Development','d',9),(342,'TDD_AT','Automating Tests','d',8),(343,'CNI_BIC','Buy-in for continuous integration','d',9),(344,'CNI_STE','Software tools experience for continuous integration','d',8),(345,'CNI_HCI','Handling continuous integration','r',8),(346,'PPG_MP','Measurement of Productivity','c',4),(347,'PPG_BIP','Buy-In for Paired Programming ','Whether or not people think the  idea  of pair programming  would add value to them',9),(348,'RTP_BIR','Buy-in for retrospectives','Whether or not people buy into the idea of dedicating time to inspect and adapt',9),(349,'RTP_PIC','Process improvement capability','The willingness of people to change their process for better results',1),(350,'TSV_BIT','Buy-in for Task Volunteering','Whether people think that task  volunteering would yield in better performance of the team or not',9),(351,'TSV_CCT1','Experience with task volunteering','This characteristic is looking at whether or not people are being allowed to volunteer for tasks or not',4),(352,'TSV_WCT','Buy-in for Cross-Training Members','This characteristic is looking that people are actually even willing to cross train other people on their team as to spread the knowledge and skill set across the entire team therefore reducing bottlenecks.',9),(353,'TSV_CCT','Cross-Training Opportunities ',' This characteristic looks at whether or not people have the opportunity to cross train other people on their team or not.  essentially this is important for  task volunteering and generalizing specialists ',4),(354,'WIP_BIW','Willingness to limit work in process',' Essentially what this characteristic is looking at is whether or not people understand and buying into the fact that limiting  work in process will reduce the overall time  to complete a task',4),(355,'WIP_CLW','Understanding of Work in Process','This characteristic aims to find out whether people understand that limiting work in progress and avoiding multitasking actually results in getting things done quicker or not',13),(356,'AUT_BIA','Buy-in for automated unit tests','Buy-in for automated unit tests',9),(357,'AUT_CUT','Competency using automated unit tests','Competence for using automated unit tests',8),(358,'PPG_COM','Competency with Paired Programming','s',11);
/*!40000 ALTER TABLE `survey_characteristic` ENABLE KEYS */;
UNLOCK TABLES;

--
-- Table structure for table `survey_characteristic_indicators`
--

DROP TABLE IF EXISTS `survey_characteristic_indicators`;
/*!40101 SET @saved_cs_client     = @@character_set_client */;
/*!50503 SET character_set_client = utf8mb4 */;
CREATE TABLE `survey_characteristic_indicators` (
  `id` int NOT NULL AUTO_INCREMENT,
  `characteristic_id` int NOT NULL,
  `indicator_id` int NOT NULL,
  PRIMARY KEY (`id`),
  UNIQUE KEY `characteristic_id` (`characteristic_id`,`indicator_id`),
  KEY `survey_characteristic_indicators_52bdb3ed` (`characteristic_id`),
  KEY `survey_characteristic_indicators_47c5a06a` (`indicator_id`),
  CONSTRAINT `characteristic_id_refs_id_49adca4f` FOREIGN KEY (`characteristic_id`) REFERENCES `survey_characteristic` (`id`),
  CONSTRAINT `indicator_id_refs_id_b496e04` FOREIGN KEY (`indicator_id`) REFERENCES `survey_indicator` (`id`)
) ENGINE=InnoDB AUTO_INCREMENT=2988 DEFAULT CHARSET=latin1;
/*!40101 SET character_set_client = @saved_cs_client */;

--
-- Dumping data for table `survey_characteristic_indicators`
--

LOCK TABLES `survey_characteristic_indicators` WRITE;
/*!40000 ALTER TABLE `survey_characteristic_indicators` DISABLE KEYS */;
INSERT INTO `survey_characteristic_indicators` VALUES (2981,287,930),(2979,288,929),(2980,288,930),(2977,289,947),(2978,289,948),(2985,290,951),(2974,291,949),(2975,291,950),(2973,292,1040),(2971,293,1038),(2972,293,1039),(2969,294,1041),(2970,294,1042),(2966,295,1043),(2967,295,1044),(2968,295,1045),(2963,296,972),(2964,296,973),(2965,297,974),(2961,298,926),(2960,299,927),(2959,300,928),(2957,301,906),(2958,301,909),(2955,302,910),(2956,302,911),(2953,302,912),(2954,302,913),(2951,303,907),(2952,303,908),(2948,304,915),(2949,304,916),(2950,304,919),(2947,305,918),(2945,306,920),(2946,306,921),(2944,307,922),(2943,308,952),(2940,309,953),(2941,309,954),(2942,309,955),(2937,310,956),(2938,310,957),(2939,310,959),(2936,311,958),(2930,312,931),(2931,312,939),(2932,312,940),(2933,312,941),(2934,312,942),(2935,312,946),(2928,313,932),(2927,313,938),(2929,313,943),(2925,313,944),(2926,313,945),(2919,314,933),(2920,314,934),(2921,314,935),(2922,314,936),(2923,314,937),(2924,314,945),(2917,315,931),(2918,315,941),(2915,315,944),(2916,315,945),(2908,316,931),(2909,316,941),(2910,316,975),(2911,316,977),(2912,316,978),(2913,316,979),(2914,316,980),(2904,317,979),(2905,317,981),(2906,317,982),(2907,317,983),(2903,317,984),(2902,318,986),(2901,318,992),(2900,319,991),(2899,319,996),(2896,320,994),(2897,320,995),(2898,320,997),(2891,321,985),(2892,321,987),(2893,321,988),(2894,321,989),(2889,321,998),(2890,321,999),(2888,322,993),(2887,323,990),(2885,324,914),(2886,324,917),(2884,325,976),(2882,326,960),(2883,326,964),(2879,327,965),(2880,327,966),(2881,327,967),(2878,327,968),(2876,328,969),(2877,328,970),(2873,329,961),(2874,329,962),(2875,329,963),(2872,330,971),(2870,331,923),(2871,331,924),(2869,332,925),(2867,333,1005),(2868,333,1014),(2864,333,1016),(2865,333,1017),(2866,333,1018),(2860,334,1019),(2861,334,1020),(2862,334,1021),(2863,334,1022),(2858,335,1006),(2859,335,1023),(2856,336,1011),(2857,336,1012),(2853,337,1008),(2854,337,1013),(2855,337,1015),(2852,338,1007),(2850,339,1009),(2851,339,1010),(2847,340,1024),(2848,340,1025),(2849,340,1026),(2844,341,1027),(2845,341,1028),(2846,341,1029),(2843,342,1030),(2840,343,1027),(2841,343,1028),(2842,343,1029),(2837,344,1024),(2838,344,1025),(2839,344,1026),(2835,345,1030),(2836,345,1031),(2834,346,1002),(2984,347,1000),(2831,348,1003),(2830,349,1004),(2828,350,1034),(2829,350,1035),(2986,351,1032),(2987,351,1033),(2825,352,1037),(2824,353,1036),(2822,354,1046),(2823,354,1047),(2895,355,1048),(2814,356,1049),(2815,356,1050),(2816,356,1052),(2817,357,1051),(2818,357,1053),(2983,358,1001);
/*!40000 ALTER TABLE `survey_characteristic_indicators` ENABLE KEYS */;
UNLOCK TABLES;

--
-- Table structure for table `survey_characteristiccategory`
--

DROP TABLE IF EXISTS `survey_characteristiccategory`;
/*!40101 SET @saved_cs_client     = @@character_set_client */;
/*!50503 SET character_set_client = utf8mb4 */;
CREATE TABLE `survey_characteristiccategory` (
  `id` int NOT NULL AUTO_INCREMENT,
  `title` varchar(200) NOT NULL,
  PRIMARY KEY (`id`)
) ENGINE=InnoDB AUTO_INCREMENT=14 DEFAULT CHARSET=latin1;
/*!40101 SET character_set_client = @saved_cs_client */;

--
-- Dumping data for table `survey_characteristiccategory`
--

LOCK TABLES `survey_characteristiccategory` WRITE;
/*!40000 ALTER TABLE `survey_characteristiccategory` DISABLE KEYS */;
INSERT INTO `survey_characteristiccategory` VALUES (1,'Process'),(2,'Culture'),(4,'Management Controls'),(5,'People'),(8,'Technical Maturity'),(9,'Buy-in for Agile'),(10,'Communication'),(11,'Collaboration'),(13,'Mindset');
/*!40000 ALTER TABLE `survey_characteristiccategory` ENABLE KEYS */;
UNLOCK TABLES;

--
-- Table structure for table `survey_comment`
--

DROP TABLE IF EXISTS `survey_comment`;
/*!40101 SET @saved_cs_client     = @@character_set_client */;
/*!50503 SET character_set_client = utf8mb4 */;
CREATE TABLE `survey_comment` (
  `id` int NOT NULL AUTO_INCREMENT,
  `user_id` int NOT NULL,
  `text` longtext NOT NULL,
  PRIMARY KEY (`id`),
  KEY `survey_comment_403f60f` (`user_id`)
) ENGINE=InnoDB DEFAULT CHARSET=latin1;
/*!40101 SET character_set_client = @saved_cs_client */;

--
-- Dumping data for table `survey_comment`
--

LOCK TABLES `survey_comment` WRITE;
/*!40000 ALTER TABLE `survey_comment` DISABLE KEYS */;
/*!40000 ALTER TABLE `survey_comment` ENABLE KEYS */;
UNLOCK TABLES;

--
-- Table structure for table `survey_demographic`
--

DROP TABLE IF EXISTS `survey_demographic`;
/*!40101 SET @saved_cs_client     = @@character_set_client */;
/*!50503 SET character_set_client = utf8mb4 */;
CREATE TABLE `survey_demographic` (
  `id` int NOT NULL AUTO_INCREMENT,
  `title` varchar(200) NOT NULL,
  `required` tinyint(1) NOT NULL,
  `viewable` tinyint(1) NOT NULL,
  PRIMARY KEY (`id`)
) ENGINE=InnoDB AUTO_INCREMENT=13 DEFAULT CHARSET=latin1;
/*!40101 SET character_set_client = @saved_cs_client */;

--
-- Dumping data for table `survey_demographic`
--

LOCK TABLES `survey_demographic` WRITE;
/*!40000 ALTER TABLE `survey_demographic` DISABLE KEYS */;
INSERT INTO `survey_demographic` VALUES (2,'Years at Company',1,1),(9,'Years of Agile Experience',1,1),(11,'Department',1,1),(12,'Area',1,1);
/*!40000 ALTER TABLE `survey_demographic` ENABLE KEYS */;
UNLOCK TABLES;

--
-- Table structure for table `survey_demographicvalue`
--

DROP TABLE IF EXISTS `survey_demographicvalue`;
/*!40101 SET @saved_cs_client     = @@character_set_client */;
/*!50503 SET character_set_client = utf8mb4 */;
CREATE TABLE `survey_demographicvalue` (
  `id` int NOT NULL AUTO_INCREMENT,
  `demographic_id` int NOT NULL,
  `value` varchar(200) NOT NULL,
  PRIMARY KEY (`id`),
  KEY `survey_demographicvalue_69705540` (`demographic_id`)
) ENGINE=InnoDB AUTO_INCREMENT=56 DEFAULT CHARSET=latin1;
/*!40101 SET character_set_client = @saved_cs_client */;

--
-- Dumping data for table `survey_demographicvalue`
--

LOCK TABLES `survey_demographicvalue` WRITE;
/*!40000 ALTER TABLE `survey_demographicvalue` DISABLE KEYS */;
INSERT INTO `survey_demographicvalue` VALUES (5,2,'0-2'),(6,2,'3-5'),(7,2,'6-10'),(31,9,'0-2'),(32,9,'3-5'),(33,9,'6-10'),(34,9,'11-15'),(35,9,'16-20'),(36,9,'More than 20'),(37,10,'Employee'),(38,10,'Contractor'),(39,11,'Commercial'),(40,11,'Customer Support'),(41,11,'DevOps'),(42,11,'Engineering'),(43,11,'Technical Services'),(44,11,'HR'),(45,11,'Operations'),(46,11,'Product Developement'),(47,11,'Quality Assurance'),(51,2,'More than 10'),(52,12,'Alexandria'),(53,12,'Cairo'),(54,12,'USA'),(55,11,'Customer Success');
/*!40000 ALTER TABLE `survey_demographicvalue` ENABLE KEYS */;
UNLOCK TABLES;

--
-- Table structure for table `survey_indicator`
--

DROP TABLE IF EXISTS `survey_indicator`;
/*!40101 SET @saved_cs_client     = @@character_set_client */;
/*!50503 SET character_set_client = utf8mb4 */;
CREATE TABLE `survey_indicator` (
  `id` int NOT NULL AUTO_INCREMENT,
  `code` varchar(10) NOT NULL,
  `question` longtext NOT NULL,
  `answer_range_id` int NOT NULL,
  `answer_range_display` varchar(8) NOT NULL,
  PRIMARY KEY (`id`),
  KEY `survey_indicator_644d02c` (`answer_range_id`)
) ENGINE=InnoDB AUTO_INCREMENT=1054 DEFAULT CHARSET=latin1;
/*!40101 SET character_set_client = @saved_cs_client */;

--
-- Dumping data for table `survey_indicator`
--

LOCK TABLES `survey_indicator` WRITE;
/*!40000 ALTER TABLE `survey_indicator` DISABLE KEYS */;
INSERT INTO `survey_indicator` VALUES (906,'APN_MT1','Our organization defines project success in terms of the value realized by the business and the #user#, rather than \"delivered on time, on budget, and as specified.\"',20,'sequence'),(907,'APN_MT10','The entire project plan is created at the beginning of the project.',22,'sequence'),(908,'APN_MT11','Project plans are created at a high-level at the beginning of the project and the details are defined at the last responsible moment (Release by release).',20,'sequence'),(909,'APN_MT4','The #business# holds the #delivery team# to the initial set of #requirements# in the #requirements document#, even if the project delivered value to the business and #users# with a different set of #requirements#. ',22,'sequence'),(910,'APN_MT6','Our organization\'s process for planning allows project plans to easily change throughout the project based on emerging information about the project',20,'sequence'),(911,'APN_MT7','Plans and milestone dates are held against the #delivery team# causing resistance to accept any new changes or feedback from the #business#.',22,'sequence'),(912,'APN_MT8','The culture here is to view plans as commitments and with no flexibility for changing them.',22,'sequence'),(913,'APN_MT9','The culture here is to accept regular updates to the project plan based on new and emerging information about the project.',20,'sequence'),(914,'BDI_MT1','As the perception of what they need changes, the #business# is expected to articulate those changes by prioritizing the #requirements# they would like to see developed/delivered next.',20,'sequence'),(915,'BDI_MT2','Regardless of the initial plan, #business# should have the authority to determine which #requirement#s they would like to see developed next.',20,'sequence'),(916,'BDI_MT3','My job\'s effectiveness is challenged if the #business# keeps changing which #requirements# they want to see developed next.',22,'sequence'),(917,'BDI_MT4','It is common to start a project with no prioritization for the #requirements# that are being requested; they are all considered important.',22,'sequence'),(918,'BLG_MT1','#Business# should be responsible for keeping a <b>prioritized</b>, up-to-date list of all work that remains to be done.',20,'sequence'),(919,'BLG_MT2','You are willing to yield control to the #business# to keep an up-to-date and prioritized list of all the work that remains to be for a project.',20,'sequence'),(920,'BLG_MT3','Maintaining an up-to-date and prioritized list of all the work that needs to be done for a project is an effective project management practice. ',20,'sequence'),(921,'BLG_MT4','Maintaining a backlog entails keeping a single up-to-date and prioritized list of all #requirements#, bugs, functional and non-functional business #requirements#, as well as technical team-generated work that needs to be completed to finish the project. This list is used to communicate scope to everyone involved in the project. Based on this definition, I believe we should maintain backlogs for future projects.',20,'sequence'),(922,'BLG_MT5','Our #delivery team# has some mechanism, by which <b>everyone</b> on the project, including the #business#, can find out <b>all</b> the remaining work to complete the project',20,'sequence'),(923,'CGS_MT1','Coding standards are available and accessible within the organization.',20,'sequence'),(924,'CGS_MT2','We adhere to coding standards, even in crunch time.',20,'sequence'),(925,'CGS_MT3','Having a clear coding standard increases collective ownership and collaboration between developers',20,'sequence'),(926,'CHA_MT1','Teams contribute to creating a #charter# for new projects.',20,'sequence'),(927,'CHA_MT2','Collaborating to create a #charter# as a team can add value to a project.',20,'sequence'),(928,'CHA_MT3','Collaborating with the #delivery team# to create a #charter# can add value to a project.',20,'sequence'),(929,'COR_MT1','It is common to start developing a #project# straight from a #requirements document# without a direct conversation between the #business# and #delivery team#',22,'sequence'),(930,'COR_MT2','There is currently sufficient collaboration between the #delivery team# and #business# throughout the project to ensure proper understanding of what needs to be built.',20,'sequence'),(931,'EMT_MT1','In general, people are passionate and unguarded in the discussion of issues.',20,'sequence'),(932,'EMT_MT10','I work in an environment in which I feel free to give feedback to my manager(s)',20,'sequence'),(933,'EMT_MT11','I give my #employees# the space to take risks and stand up for their ideas.',20,'sequence'),(934,'EMT_MT12','I encourage my #employees# to suggest and develop new and better ways of doing things.',20,'sequence'),(935,'EMT_MT13','I frequently seek input from my #employees#',20,'sequence'),(936,'EMT_MT14','Your manager seeks your input frequently',20,'sequence'),(937,'EMT_MT15','Your manager encourages you to suggest and develop new and better ways of doing things',20,'sequence'),(938,'EMT_MT16','Your employees are comfortable speaking to you about difficult issues.',20,'sequence'),(939,'EMT_MT2','Team members quickly and genuinely apologize to one another when they say or do something inappropriate or possibly damaging to the team.',20,'sequence'),(940,'EMT_MT3','Team members openly admit their weaknesses and mistakes.',20,'sequence'),(941,'EMT_MT4','During meetings, the most important and difficult issues are put on the table to be resolved.',20,'sequence'),(942,'EMT_MT5','I have a working relationship with my peers that affords me the ability to communicate disagreement effectively without jeopardizing the relationship. ',20,'sequence'),(943,'EMT_MT6','I am comfortable speaking to my manager about difficult issues.',20,'sequence'),(944,'EMT_MT7','I can make a mistake without feeling that my job is in jeopardy.',20,'sequence'),(945,'EMT_MT8','I work in an environment of openness and trust.',20,'sequence'),(946,'EMT_MT9','I work in an environment in which I feel free to give feedback to my team members',20,'sequence'),(947,'EST_MT1','The entire #delivery team# is involved in the estimation of requirements not just the person assigned to the requirement',20,'sequence'),(948,'EST_MT2','The #delivery team# and #business# should be responsible for estimating the project effort together',20,'sequence'),(949,'EST_MT3','The #business# team and the #delivery team# do not work well together and would have difficulty accurately estimating a backlog together.',22,'sequence'),(950,'EST_MT4','When #delivery team# and #business# discuss the requirements together, it helps us get to a common understanding of what is really needed',20,'sequence'),(951,'EST_MT7','We engage in #relative estimation# instead of #absolute estimation#',20,'sequence'),(952,'FDB_MT1','The #business# should have the opportunity to give feedback throughout the development process, even if it results in change of requirements',20,'sequence'),(953,'FDB_MT2','The team gathers continuous feedback/requests from the #business# throughout the development process.',20,'sequence'),(954,'FDB_MT3','Effective feedback should be primarily based on interacting with working software',20,'sequence'),(955,'FDB_MT4','Delivering planned results (original #requirements#) is more important than delivering desired results (emerging #requirements#)',22,'sequence'),(956,'FDB_MT5','When the #business# adds or changes #requirements# resulting in the increase of the project size/scope, nothing is done regarding resources and schedules to accommodate the impact of the change.',22,'sequence'),(957,'FDB_MT6','When #requirements# are added or changed resulting in an increase in project size/scope, resource allocation or the deadlines and schedule are changed accordingly. ',20,'sequence'),(958,'FDB_MT7','The #business# is reasonable in their demands of what they ask for and when they want to get it.',20,'sequence'),(959,'FDB_MT8','There is a culture here of asking for more without changing deadlines',22,'sequence'),(960,'FDP_MT1','Our procedures and processes are well documented and accessible (e.g RIT, elaboration, requirements, release)',20,'sequence'),(961,'FDP_MT10','Over commitment is common here, causing stress and compromising the quality of our work.',22,'sequence'),(962,'FDP_MT11','To deliver value to the #business# earlier and more frequently, you are willing to integrate more frequently.',20,'sequence'),(963,'FDP_MT12','To deliver value to the #business# earlier and more frequently, you are willing to carry out testing activities (including regression tests and integration testing) more frequently.',20,'sequence'),(964,'FDP_MT2','There is a clear and known software development process in place; software development is not ad hoc or haphazard',20,'sequence'),(965,'FDP_MT3','Our procedures are well documented, yet most people do not follow them',22,'sequence'),(966,'FDP_MT4','Our procedures and processes are obsolete and do not represent the way we actually work',22,'sequence'),(967,'FDP_MT5','We regularly update our procedures and processes',20,'sequence'),(968,'FDP_MT6','If I find a problem with a procedure or process, I know what to do to resolve the issue',20,'sequence'),(969,'FDP_MT7','We deliver projects in an incremental/iterative manner (delivering small, coherent units of functionality)',20,'sequence'),(970,'FDP_MT8','An incremental/iterative approach (delivering small, coherent units of functionality) is better than the traditional/waterfall approach (where everything is delivered together at the end)',20,'sequence'),(971,'FDP_MT9','Having a frequent delivery process entails delivering small pieces of coherent and valuable functionality throughout the entire lifetime of the project. This allows the #business# and developers to deliver value earlier and to learn from what they have delivered.<br><br>Based on the above definition, I am willing, and encourage, the organization to adopt a frequent delivery process.',20,'sequence'),(972,'FTF_MT1','Most of my project-related meetings are #face-to-face# (in person or via video calls).',20,'sequence'),(973,'FTF_MT2','Even if someone is in the same building as I am, email is our default mode of communication.',22,'sequence'),(974,'FTF_MT3','I would like to attend project meetings in person or via video calls as often as possible.',20,'sequence'),(975,'G_MT1','Team members know what their peers are working on and how they contribute to the collective good of the team.',20,'sequence'),(976,'G_MT17','I feel that other silos (organizations, departments, etc.) are not looking out for the entire organization\'s best interest, but more focused on their interests and what makes them look good and stand out',22,'sequence'),(977,'G_MT2','Team members willingly make sacrifices for the good of the team.',20,'sequence'),(978,'G_MT3','People\'s morale are significantly affected when the team fails to achieve their <b>collective team goals.</b>',20,'sequence'),(979,'G_MT4','Project team members are deeply concerned about the prospect of letting down their peers.',20,'sequence'),(980,'G_MT5','Project team members are slow to seek credit for their own contributions, but quick to point out those of others.',20,'sequence'),(981,'G_MT6','Project team members call out one another\'s deficiencies or unproductive behaviors.',20,'sequence'),(982,'G_MT7','Project team members challenge one another about their plans and approaches before seeking involvement of managers',20,'sequence'),(983,'G_MT8','Project team members leave meetings confident that their peers are completely committed to the decisions that were agreed on, even if there was initial disagreement.',20,'sequence'),(984,'G_MT9','Project team members end discussions with clear and specific resolutions and calls to action.',20,'sequence'),(985,'GBR_MT15','As a #business# representative to a #delivery team#, I am committed to unconditionally allocate the time needed to prioritize #requirements# and help answer the #delivery team#\'s questions about the #requirements#',20,'sequence'),(986,'PER_MT1','Our team does not believe in getting started with anything unless everything is finalized upfront. ',22,'sequence'),(987,'PER_MT10','#Business# representative(s) to the #delivery team# are collaborative and accessible.',20,'sequence'),(988,'PER_MT11','#Business# representative(s) to the #delivery team# are good representatives of the #user community#.',20,'sequence'),(989,'PER_MT12','#Business# representative(s) to the #delivery team# are authorized and empowered to make decisions regarding the project.',20,'sequence'),(990,'PER_MT13','Progressive elaboration involves identifying #requirements# at a high level, then continuously specifying the details, over the lifetime of the project, as they emerge and become apparent.<br><br>Based on the above definition, I support the organization engaging in the progressive elaboration of #requirements#.',20,'sequence'),(991,'PER_MT14','Evolutionary design and #refactoring# are encouraged since the #requirements# will always change and often impact the design',20,'sequence'),(992,'PER_MT2','Resources are not committed to a project unless a list of detailed #requirements# is finalized',22,'sequence'),(993,'PER_MT3','#Analysts# are available throughout the project (not just at the beginning) to elicit (gather) the details of each high-level #requirement# before the development team works on it',20,'sequence'),(994,'PER_MT4','You do not mind starting a project knowing that its #requirements# will change in the future.',20,'sequence'),(995,'PER_MT5','With enough effort upfront, all detailed #requirements# can be identified and fixed for the remainder of the project',22,'sequence'),(996,'PER_MT6','All detailed #requirements# must be known upfront to build the proper architecture and design',22,'sequence'),(997,'PER_MT7','Throughout the project the #business# has the full right to change the #requirements# in order to meet their changing needs.',20,'sequence'),(998,'PER_MT8','#Business# is willing to have an active role throughout the project, not just at the beginning and end.',20,'sequence'),(999,'PER_MT9','The #business# is available throughout the project (not just at the beginning) to provide the details of each high-level #requirement# before the development team works on it.',20,'sequence'),(1000,'PPG_MT1','Paired Programming involves having 2 developers work together on one computer. One writes the code and the other reviews and enhances the design. They switch roles frequently. Would you encourage and support such a practice in your team?',20,'sequence'),(1001,'PPG_MT2','How often do you engage in #Paired Programming#?',21,'sequence'),(1002,'PPG_MT3','In #Paired Programming# it may seem that we are paying 2 people to do the work of one. However the claim is that it will produce better quality design and code as well as reduce rework. Would you encourage and support such a practice?',20,'sequence'),(1003,'RTP_MT1','You are willing to dedicate your (or your team members\') time after each release to review how the process could be improved.',20,'sequence'),(1004,'RTP_MT2','You are willing to undergo a process change (resulting in a better process) even if it requires some extra work from the team.',20,'sequence'),(1005,'SOT_MT1','Specialization in terms of skill-sets is promoted as part of the culture.',22,'sequence'),(1006,'SOT_MT10','I have clear access to all the information, data or research necessary to perform my daily tasks in an efficient and timely manner. ',22,'sequence'),(1007,'SOT_MT11','The #delivery team# has a good idea for what the #business# would like them to build <b>and why</b>',20,'sequence'),(1008,'SOT_MT12','Individual-based reward systems are promoted and more widely used than team-based reward system.',22,'sequence'),(1009,'SOT_MT13','Within my organization, teams have the autonomy (independence) to divide tasks among their members.',20,'sequence'),(1010,'SOT_MT14','My team is empowered to determine the best way to accomplish tasks without the manager\'s frequent advising.',20,'sequence'),(1011,'SOT_MT15','Employees are competent and disciplined enough to work in self-organizing teams.',20,'sequence'),(1012,'SOT_MT16','You consider yourself competent and disciplined enough to work in a #self-organizing team#.',20,'sequence'),(1013,'SOT_MT17','You agree that people are fairly rewarded when management regards them as one entity (the team); not addressing individual members',20,'sequence'),(1014,'SOT_MT18','In my experience working on teams, technically strong team members are overburdened.',22,'sequence'),(1015,'SOT_MT19','You like to work on a team that management regards as one entity; not addressing individual team members in rewards or tasks, but as one team.',20,'sequence'),(1016,'SOT_MT2','Specialization in terms of domain knowledge (certain applications, parts of the business) is promoted as part of the culture. ',22,'sequence'),(1017,'SOT_MT3','You are willing to help your team members to achieve team goals even if that entails learning new skills (i.e. applications, languages, etc.)',20,'sequence'),(1018,'SOT_MT4','To allow the collective team to deliver on their commitments, you are willing to allow your employees to learn new skills that are outside of their specialization to support other #application teams#.',20,'sequence'),(1019,'SOT_MT5','Most of my information comes via e-mail',22,'sequence'),(1020,'SOT_MT6','I have regular #face-to-face# contact with my team mates',20,'sequence'),(1021,'SOT_MT7','My team is well versed in virtual operations, including use of video conferencing, #IM# and e-mail',20,'sequence'),(1022,'SOT_MT8','My manager has a team meeting at least once a week where everyone is present either physically or virtually',20,'sequence'),(1023,'SOT_MT9','I get all the information I need to perform my job when I need it',20,'sequence'),(1024,'TDD_MT1','How often do you create unit tests for every piece of code?',21,'sequence'),(1025,'TDD_MT2','I have no problems or challenges creating unit tests for pieces of code',20,'sequence'),(1026,'TDD_MT3','The suite of unit tests that I create is comprehensive and usually encompasses all possible test scenarios',20,'sequence'),(1027,'TDD_MT8','I am willing to accept the #delivery team#\'s learning curve while they improve their development practices',20,'sequence'),(1028,'TDD_MT4','I am willing to accept the learning curve of the development team while they transition to #test-driven development#.',20,'sequence'),(1029,'TDD_MT5','#Test-driven development# will produce better software with fewer bugs',20,'sequence'),(1030,'TDD_MT6','Software tools are available in my organization for creating and maintaining automated test suites.',20,'sequence'),(1031,'TDD_MT7','Instead of integrating the system at the end of the development effort, it is better to regularly integrate the system throughout the whole development process.',20,'sequence'),(1032,'TSV_MT1','You allow your team to choose their own tasks for a project',20,'sequence'),(1033,'TSV_MT2','You have the opportunity to choose your own tasks for a project',20,'sequence'),(1034,'TSV_MT3','You would do a better job choosing your own task on a project instead of being assigned one',20,'sequence'),(1035,'TSV_MT4','You believe that your team would perform better and be more effective if they were to choose their own tasks.',20,'sequence'),(1036,'TSV_MT5','The individuals on the team have the opportunity to train each other',20,'sequence'),(1037,'TSV_MT6','Training other team members will disturb my work',22,'sequence'),(1038,'VBD_MT1','Written documentation is a valuable medium to <b>convey information</b> (e.g., #requirements document#)',22,'sequence'),(1039,'VBD_MT2','The more complete the documentation, the better chances everyone will be on the same page',22,'sequence'),(1040,'VBD_MT3','It would be a wiser use of the team\'s time to produce only those documents that are needed to preserve the system and use more real time communication to convey the information',20,'sequence'),(1041,'VOR_B1','I believe we should be doing everything possible to understand our customers including customer stories or creating a customer \"persona\" to better understand what our client\'s needs are. ',20,'sequence'),(1042,'VOR_B2','I am willing to write #requirements# in terms of the user needs and goals, rather than system specifications',20,'sequence'),(1043,'VOR_B3','I know enough about the end users of our system to identify and describe representative examples of how it\'s used',20,'sequence'),(1044,'VOR_B4','I know enough about the end users of our system to describe their needs',20,'sequence'),(1045,'VOR_B6','In thinking about new functionality for the system, I am able to decompose complex capabilities into simple value-add #requirements# (user stories/stories)',20,'sequence'),(1046,'WIP_MT1','By controlling/reducing the number tasks being actively worked in parallel, more work can be completed overall. ',20,'sequence'),(1047,'WIP_MT2','When teams work on <b>one or two</b> projects at a time, they reduce the overall time to market.',20,'sequence'),(1048,'WIP_MT3','I work on multiple tasks at a time to increase efficiency and finish the project faster',22,'sequence'),(1049,'AUT_MT4','Writing unit tests for code is as important as writing new code for more functionality.',20,'sequence'),(1050,'AUT_MT5','You are willing to commit to writing unit tests while you code for each #requirement# in your code.',20,'sequence'),(1051,'AUT_MT2','You consider yourself competent enough to write good and comprehensive automated tests for the each #requirement# in your code.',20,'sequence'),(1052,'AUT_MT3','It is important to write automated tests for each #requirement# while coding them even if that will take additional time. ',20,'sequence'),(1053,'AUT_MT6','Indicate how often you write automated tests for each #requirement# in your code.',21,'sequence');
/*!40000 ALTER TABLE `survey_indicator` ENABLE KEYS */;
UNLOCK TABLES;

--
-- Table structure for table `survey_indicator_roles`
--

DROP TABLE IF EXISTS `survey_indicator_roles`;
/*!40101 SET @saved_cs_client     = @@character_set_client */;
/*!50503 SET character_set_client = utf8mb4 */;
CREATE TABLE `survey_indicator_roles` (
  `id` int NOT NULL AUTO_INCREMENT,
  `indicator_id` int NOT NULL,
  `role_id` int NOT NULL,
  PRIMARY KEY (`id`),
  UNIQUE KEY `indicator_id` (`indicator_id`,`role_id`),
  KEY `survey_indicator_roles_47c5a06a` (`indicator_id`),
  KEY `survey_indicator_roles_40f80fc0` (`role_id`)
) ENGINE=InnoDB AUTO_INCREMENT=7800 DEFAULT CHARSET=latin1;
/*!40101 SET character_set_client = @saved_cs_client */;

--
-- Dumping data for table `survey_indicator_roles`
--

LOCK TABLES `survey_indicator_roles` WRITE;
/*!40000 ALTER TABLE `survey_indicator_roles` DISABLE KEYS */;
INSERT INTO `survey_indicator_roles` VALUES (7696,906,396),(7697,906,398),(7698,906,399),(7699,906,400),(7700,906,401),(7701,906,403),(7702,906,404),(5925,907,398),(5926,907,399),(5927,907,401),(7329,908,398),(7330,908,399),(7328,908,401),(7476,909,396),(7477,909,398),(7478,909,399),(7479,909,400),(7480,909,401),(7481,909,403),(7331,910,398),(7332,910,399),(7333,910,400),(7334,910,401),(7335,910,403),(7336,910,404),(7678,911,397),(7679,911,398),(7680,911,399),(7681,911,400),(7682,911,401),(7683,911,402),(7266,912,398),(7267,912,399),(7263,912,401),(7264,912,403),(7265,912,404),(5951,913,396),(5952,913,398),(5953,913,399),(5954,913,401),(7797,914,396),(7798,914,398),(7799,914,399),(7795,914,400),(7796,914,403),(7665,915,396),(7666,915,397),(7667,915,398),(7668,915,399),(7669,915,400),(7670,915,401),(7671,915,402),(7672,915,403),(7663,916,397),(7664,916,399),(7660,916,400),(7661,916,401),(7662,916,402),(7787,917,396),(7788,917,397),(7789,917,398),(7790,917,399),(7791,917,400),(7792,917,401),(7793,917,402),(7794,917,403),(7658,918,396),(7659,918,399),(7655,918,400),(7656,918,401),(7657,918,403),(7649,919,398),(7650,919,399),(7648,919,403),(5988,920,398),(5989,920,399),(7786,921,397),(7783,921,400),(7784,921,401),(7785,921,402),(7750,922,397),(7751,922,398),(7752,922,399),(7753,922,400),(7754,922,401),(7755,922,402),(6000,923,397),(6001,923,401),(6002,924,397),(6003,924,401),(6004,925,397),(6005,925,401),(7343,926,398),(7344,926,399),(7342,926,401),(7345,927,397),(7346,927,398),(7347,927,399),(7348,927,400),(7349,927,401),(7350,927,402),(7748,928,396),(7749,928,399),(7747,928,403),(7684,929,396),(7685,929,397),(7686,929,398),(7687,929,399),(7688,929,400),(7689,929,401),(7690,930,397),(7691,930,398),(7692,930,399),(7693,930,400),(7694,930,401),(7695,930,402),(7152,931,397),(7153,931,398),(7154,931,399),(7155,931,400),(7156,931,401),(7157,931,402),(7158,931,404),(7211,932,397),(7212,932,398),(7213,932,399),(7214,932,400),(7215,932,401),(7216,932,402),(7217,932,404),(7782,933,398),(7781,933,403),(7780,934,398),(7779,934,403),(7778,935,398),(7777,935,403),(7186,936,397),(7187,936,399),(7188,936,400),(7189,936,401),(7190,936,402),(7191,936,404),(7192,937,397),(7193,937,399),(7194,937,400),(7195,937,401),(7196,937,402),(7197,937,404),(7776,938,398),(7775,938,403),(7159,939,397),(7160,939,398),(7161,939,399),(7162,939,400),(7163,939,401),(7164,939,402),(7165,939,404),(7166,940,397),(7167,940,398),(7168,940,399),(7169,940,400),(7170,940,401),(7171,940,402),(7172,940,404),(7246,941,397),(7247,941,398),(7248,941,399),(7249,941,400),(7250,941,401),(7251,941,402),(7252,941,404),(7351,942,397),(7352,942,398),(7353,942,399),(7354,942,400),(7355,942,401),(7356,942,402),(7218,943,397),(7219,943,398),(7220,943,399),(7221,943,400),(7222,943,401),(7223,943,402),(7224,943,404),(7239,944,397),(7240,944,398),(7241,944,399),(7242,944,400),(7243,944,401),(7244,944,402),(7245,944,404),(7232,945,397),(7233,945,398),(7234,945,399),(7235,945,400),(7236,945,401),(7237,945,402),(7238,945,404),(7145,946,397),(7146,946,398),(7147,946,399),(7148,946,400),(7149,946,401),(7150,946,402),(7151,946,404),(7769,947,397),(7770,947,398),(7771,947,399),(7772,947,400),(7773,947,401),(7774,947,402),(7734,948,396),(7735,948,397),(7736,948,398),(7737,948,399),(7738,948,400),(7739,948,401),(7740,948,402),(7728,949,396),(7729,949,397),(7730,949,399),(7731,949,400),(7732,949,401),(7733,949,402),(7763,950,396),(7764,950,397),(7765,950,399),(7766,950,400),(7767,950,401),(7768,950,402),(7365,951,397),(7366,951,398),(7367,951,399),(7363,951,400),(7364,951,401),(7756,952,396),(7757,952,397),(7758,952,398),(7759,952,399),(7760,952,400),(7761,952,401),(7762,952,402),(7703,953,396),(7704,953,398),(7705,953,399),(7706,953,400),(7707,953,401),(7708,953,403),(6148,954,396),(6149,954,397),(6150,954,398),(6151,954,399),(6154,954,400),(6152,954,401),(6153,954,402),(7608,955,396),(7609,955,397),(7610,955,398),(7611,955,399),(7612,955,400),(7613,955,401),(7614,955,402),(7598,956,398),(7599,956,399),(7596,956,401),(7597,956,402),(7593,957,396),(7594,957,398),(7595,957,399),(7591,957,401),(7592,957,403),(7583,958,396),(7584,958,397),(7585,958,398),(7586,958,399),(7587,958,400),(7588,958,401),(7589,958,402),(7590,958,403),(7137,959,396),(7138,959,397),(7139,959,398),(7140,959,399),(7141,959,400),(7142,959,401),(7143,959,402),(7144,959,404),(7368,960,397),(7369,960,398),(7370,960,399),(7371,960,400),(7372,960,401),(7373,960,402),(7374,960,404),(7295,961,397),(7296,961,398),(7297,961,399),(7298,961,400),(7299,961,401),(7300,961,402),(7301,961,403),(7302,961,404),(7581,962,397),(7582,962,398),(7578,962,401),(7579,962,402),(7580,962,404),(7576,963,397),(7577,963,398),(7574,963,401),(7575,963,402),(7319,964,397),(7320,964,398),(7316,964,401),(7317,964,402),(7318,964,404),(7100,965,397),(7101,965,398),(7102,965,399),(7103,965,400),(7104,965,401),(7105,965,402),(7106,965,403),(7107,965,404),(7094,966,397),(7095,966,399),(7096,966,400),(7097,966,401),(7098,966,402),(7099,966,404),(6218,967,398),(6219,967,399),(6220,967,401),(6221,967,403),(7093,968,397),(7089,968,400),(7090,968,401),(7091,968,402),(7092,968,404),(6705,969,397),(6706,969,399),(6702,969,400),(6703,969,401),(6704,969,402),(7377,970,397),(7378,970,398),(7379,970,399),(7375,970,401),(7376,970,402),(7600,971,396),(7601,971,397),(7602,971,398),(7603,971,399),(7604,971,400),(7605,971,401),(7606,971,402),(7607,971,404),(7380,972,396),(7381,972,397),(7382,972,398),(7383,972,399),(7384,972,400),(7385,972,401),(7386,972,402),(7387,972,404),(7060,973,396),(7061,973,397),(7062,973,398),(7063,973,399),(7064,973,400),(7065,973,401),(7066,973,402),(7067,973,403),(7068,973,404),(7388,974,396),(7389,974,397),(7390,974,398),(7391,974,399),(7392,974,401),(7393,974,402),(7394,974,404),(6257,975,397),(6258,975,399),(6261,975,400),(6259,975,401),(6260,975,402),(7043,976,396),(7044,976,397),(7045,976,398),(7046,976,399),(7047,976,400),(7048,976,401),(7049,976,402),(7050,976,403),(7051,976,404),(6269,977,397),(6270,977,399),(6273,977,400),(6271,977,401),(6272,977,402),(7205,978,397),(7206,978,399),(7207,978,400),(7208,978,401),(7209,978,402),(7210,978,404),(6279,979,397),(6280,979,399),(6283,979,400),(6281,979,401),(6282,979,402),(6284,980,397),(6285,980,399),(6288,980,400),(6286,980,401),(6287,980,402),(7180,981,397),(7181,981,399),(7182,981,400),(7183,981,401),(7184,981,402),(7185,981,404),(6294,982,397),(6295,982,398),(6296,982,399),(6299,982,400),(6297,982,401),(6298,982,402),(7173,983,397),(7174,983,398),(7175,983,399),(7176,983,400),(7177,983,401),(7178,983,402),(7179,983,404),(6306,984,397),(6307,984,399),(6310,984,400),(6308,984,401),(6309,984,402),(7573,985,396),(6808,986,397),(6809,986,399),(6805,986,400),(6806,986,401),(6807,986,402),(7571,987,397),(7572,987,399),(7568,987,400),(7569,987,401),(7570,987,402),(7474,988,397),(7475,988,399),(7471,988,400),(7472,988,401),(7473,988,402),(7566,989,397),(7567,989,399),(7563,989,400),(7564,989,401),(7565,989,402),(7556,990,397),(7557,990,398),(7558,990,399),(7559,990,400),(7560,990,401),(7561,990,402),(7562,990,403),(7554,991,397),(7555,991,398),(7552,991,401),(7553,991,403),(7550,992,398),(7551,992,399),(7548,992,401),(7549,992,403),(7547,993,398),(7545,993,400),(7546,993,401),(7539,994,397),(7540,994,398),(7541,994,399),(7542,994,400),(7543,994,401),(7544,994,402),(7530,995,396),(7531,995,397),(7532,995,398),(7533,995,399),(7534,995,400),(7535,995,401),(7536,995,402),(7537,995,403),(7538,995,404),(7528,996,397),(7529,996,398),(7526,996,401),(7527,996,404),(7518,997,396),(7519,997,397),(7520,997,398),(7521,997,399),(7522,997,400),(7523,997,401),(7524,997,402),(7525,997,403),(7517,998,396),(7514,999,396),(7515,999,398),(7516,999,399),(7512,999,400),(7513,999,401),(6369,1000,397),(6370,1000,401),(6371,1001,397),(6372,1001,401),(7315,1002,398),(7314,1002,403),(7027,1003,397),(7028,1003,398),(7029,1003,399),(7030,1003,400),(7031,1003,401),(7032,1003,402),(7033,1003,404),(7020,1004,397),(7021,1004,398),(7022,1004,399),(7023,1004,400),(7024,1004,401),(7025,1004,402),(7026,1004,404),(6832,1005,397),(6828,1005,400),(6829,1005,401),(6830,1005,402),(6831,1005,404),(7403,1006,397),(7400,1006,401),(7401,1006,402),(7402,1006,404),(7505,1007,396),(7506,1007,397),(7507,1007,399),(7508,1007,400),(7509,1007,401),(7510,1007,402),(7511,1007,403),(6878,1008,397),(6879,1008,398),(6880,1008,399),(6881,1008,400),(6882,1008,401),(6883,1008,402),(6884,1008,403),(6885,1008,404),(7504,1009,398),(7503,1009,401),(7404,1010,397),(7405,1010,399),(7406,1010,400),(7407,1010,401),(7408,1010,402),(7409,1010,404),(6827,1011,398),(6825,1011,401),(6826,1011,403),(7413,1012,397),(7410,1012,400),(7411,1012,401),(7412,1012,402),(6888,1013,398),(6889,1013,399),(6886,1013,401),(6887,1013,403),(6836,1014,397),(6837,1014,398),(6833,1014,400),(6834,1014,401),(6835,1014,402),(7398,1015,397),(7399,1015,399),(7395,1015,400),(7396,1015,401),(7397,1015,402),(6838,1016,397),(6839,1016,398),(6840,1016,399),(6841,1016,400),(6842,1016,401),(6843,1016,402),(6441,1017,397),(6444,1017,400),(6442,1017,401),(6443,1017,402),(7502,1018,398),(7501,1018,403),(6850,1019,397),(6851,1019,398),(6852,1019,399),(6853,1019,400),(6854,1019,401),(6855,1019,402),(6856,1019,404),(7414,1020,397),(7415,1020,398),(7416,1020,399),(7417,1020,400),(7418,1020,401),(7419,1020,402),(7420,1020,404),(7428,1021,397),(7429,1021,398),(7430,1021,399),(7431,1021,400),(7432,1021,401),(7433,1021,402),(7434,1021,404),(6871,1022,397),(6872,1022,398),(6873,1022,399),(6874,1022,400),(6875,1022,401),(6876,1022,402),(6877,1022,404),(6467,1023,397),(6468,1023,399),(6471,1023,400),(6469,1023,401),(6470,1023,402),(6472,1024,397),(6473,1024,401),(6474,1025,397),(6475,1025,401),(6476,1026,397),(6477,1026,401),(7435,1027,396),(7438,1028,398),(7436,1028,401),(7437,1028,403),(7440,1029,397),(7441,1029,398),(7439,1029,401),(7499,1030,397),(7500,1030,398),(7497,1030,401),(7498,1030,402),(7654,1031,397),(7651,1031,401),(7652,1031,402),(7653,1031,404),(6917,1032,398),(6916,1032,401),(7444,1033,397),(7442,1033,400),(7443,1033,402),(7447,1034,397),(7445,1034,400),(7446,1034,402),(7449,1035,398),(7450,1035,399),(7448,1035,401),(7003,1036,397),(7004,1036,398),(7005,1036,399),(7006,1036,400),(7007,1036,401),(7008,1036,402),(7009,1036,404),(6997,1037,397),(6998,1037,399),(6999,1037,400),(7000,1037,401),(7001,1037,402),(7002,1037,404),(7489,1038,396),(7490,1038,397),(7491,1038,398),(7492,1038,399),(7493,1038,400),(7494,1038,401),(7495,1038,402),(7496,1038,404),(6950,1039,396),(6951,1039,397),(6952,1039,398),(6953,1039,399),(6954,1039,400),(6955,1039,401),(6956,1039,402),(6935,1040,396),(6936,1040,397),(6937,1040,398),(6938,1040,399),(6939,1040,400),(6940,1040,401),(6941,1040,402),(6942,1040,404),(7451,1041,396),(7452,1041,399),(7487,1042,400),(7488,1042,401),(6972,1043,397),(6973,1043,399),(6969,1043,400),(6970,1043,401),(6971,1043,402),(7327,1044,396),(7455,1045,396),(7456,1045,399),(7453,1045,400),(7454,1045,401),(6979,1046,397),(6980,1046,399),(6981,1046,400),(6982,1046,401),(6983,1046,402),(6984,1046,404),(7457,1047,396),(7458,1047,398),(7459,1047,399),(7460,1047,400),(7461,1047,401),(7462,1047,403),(6990,1048,397),(6991,1048,398),(6992,1048,399),(6993,1048,400),(6994,1048,401),(6995,1048,402),(6996,1048,404),(6557,1049,397),(6558,1049,401),(7486,1050,397),(7485,1051,397),(7484,1052,397),(7483,1052,401),(7482,1053,397),(3777,3503,70),(3778,3503,71),(3775,3503,72),(3776,3503,73),(3503,3504,70),(3504,3505,70),(3505,3506,70),(3506,3507,70),(3507,3508,70),(3508,3509,70),(3509,3510,70),(3510,3511,70),(3511,3512,70),(3512,3513,70),(3513,3514,70),(3514,3515,70),(3515,3516,70),(3516,3517,70),(3517,3518,70),(3518,3519,70),(3519,3520,70),(3520,3521,70),(3521,3522,71),(3522,3523,71),(3523,3524,71),(3524,3525,73),(3525,3526,73),(3526,3527,73),(3527,3528,73),(3779,3529,72),(3784,3530,72),(3783,3531,72),(3531,3532,72),(3532,3533,72),(3533,3534,72),(3534,3535,72),(3535,3536,72),(3536,3537,72),(3537,3538,72),(3538,3539,72),(3782,3540,72),(3540,3541,72),(3541,3542,72),(3542,3543,72),(3543,3544,72),(3544,3545,72),(3545,3546,72),(3546,3547,72),(3547,3548,72),(3548,3549,72),(3549,3550,72),(3550,3551,72),(3551,3552,72),(3552,3553,72),(3553,3554,72),(3554,3555,72),(3555,3556,72),(3556,3557,72),(3557,3558,71),(3558,3559,71),(3559,3560,71),(3560,3561,71),(3561,3562,71),(3562,3563,71),(3563,3564,71),(3564,3565,71),(3565,3566,71),(3566,3567,71),(3567,3568,71),(3568,3569,71),(3569,3570,71),(3570,3571,71),(3571,3572,71),(3572,3573,71),(3573,3574,71),(3574,3575,71),(3575,3576,71),(3576,3577,71),(3577,3578,71),(3578,3579,71),(3579,3580,71),(3580,3581,71),(3581,3582,71),(3582,3583,71),(3583,3584,73),(3584,3585,73),(3585,3586,73),(3586,3587,72),(3786,3588,72),(3588,3589,72),(3589,3590,72),(3590,3591,72),(3591,3592,72),(3592,3593,72),(3593,3594,72),(3594,3595,72),(3595,3596,72),(3596,3597,72),(3597,3598,72),(3598,3599,72),(3599,3600,72),(3600,3601,72),(3601,3602,72),(3602,3603,72),(3603,3604,72),(3604,3605,72),(3605,3606,72),(3606,3607,72),(3607,3608,72),(3608,3609,72),(3609,3610,72),(3610,3611,71),(3611,3612,71),(3612,3613,71),(3613,3614,71),(3614,3615,71),(3615,3616,71),(3616,3617,71),(3617,3618,71),(3618,3619,71),(3619,3620,71),(3620,3621,71),(3621,3622,71),(3622,3623,71),(3623,3624,71),(3624,3625,71),(3625,3626,71),(3626,3627,71),(3627,3628,71),(3628,3629,71),(3629,3630,71),(3630,3631,71),(3631,3632,71),(3632,3633,71),(3633,3634,71),(3634,3635,71),(3635,3636,71),(3636,3637,71),(3637,3638,71),(3638,3639,71),(3639,3640,71),(3640,3641,71),(3641,3642,71),(3642,3643,71),(3643,3644,71),(3644,3645,71),(3645,3646,71),(3646,3647,71),(3647,3648,73),(3648,3649,73),(3649,3650,73),(3650,3651,72),(3651,3652,72),(3652,3653,72),(3653,3654,72),(3654,3655,72),(3655,3656,72),(3656,3657,72),(3657,3658,72),(3658,3659,72),(3659,3660,72),(3660,3661,72),(3661,3662,72),(3662,3663,72),(3663,3664,72),(3664,3665,72),(3665,3666,72),(3666,3667,72),(3667,3668,72),(3668,3669,72),(3669,3670,72),(3670,3671,72),(3671,3672,72),(3672,3673,71),(3673,3674,71),(3674,3675,71),(3675,3676,71),(3676,3677,71),(3677,3678,71),(3678,3679,71),(3679,3680,71),(3680,3681,71),(3681,3682,71),(3682,3683,71),(3683,3684,71),(3684,3685,71),(3685,3686,71),(3686,3687,71),(3687,3688,71),(3688,3689,71),(3689,3690,71),(3690,3691,71),(3691,3692,73),(3692,3693,73),(3693,3694,73),(3694,3695,72),(3695,3696,72),(3696,3697,72),(3697,3698,72),(3698,3699,72),(3699,3700,72),(3700,3701,72),(3701,3702,72),(3702,3703,72),(3703,3704,72),(3704,3705,71),(3705,3706,71),(3706,3707,71),(3707,3708,71),(3708,3709,71),(3709,3710,71),(3710,3711,71),(3711,3712,71),(3712,3713,71),(3713,3714,71),(3714,3715,71),(3715,3716,71),(3716,3717,71),(3717,3718,71),(3718,3719,71),(3719,3720,71),(3720,3721,71),(3721,3722,71),(3722,3723,71),(3723,3724,71),(3724,3725,71),(3725,3726,72),(3726,3727,72),(3727,3728,72),(3728,3729,72),(3729,3730,72),(3730,3731,72),(3731,3732,72),(3732,3733,72),(3733,3734,72),(3734,3735,72),(3735,3736,72),(3736,3737,72),(3737,3738,72),(3738,3739,72),(3739,3740,72),(3740,3741,72),(3741,3742,72),(3742,3743,73),(3743,3744,73),(3744,3745,73),(3745,3746,73),(3746,3747,71),(3747,3748,71),(3748,3749,71),(3749,3750,71),(3750,3751,71),(3751,3752,71),(3752,3753,71),(3753,3754,71),(3754,3755,71),(3755,3756,71),(3756,3757,71),(3757,3758,71),(3758,3759,71),(3759,3760,71),(3760,3761,71),(3761,3762,71),(3762,3763,71),(3763,3764,71),(3764,3765,71),(3765,3766,71),(3766,3767,71),(3767,3768,71),(3768,3769,71),(3769,3770,70);
/*!40000 ALTER TABLE `survey_indicator_roles` ENABLE KEYS */;
UNLOCK TABLES;

--
-- Table structure for table `survey_instancesetting`
--

DROP TABLE IF EXISTS `survey_instancesetting`;
/*!40101 SET @saved_cs_client     = @@character_set_client */;
/*!50503 SET character_set_client = utf8mb4 */;
CREATE TABLE `survey_instancesetting` (
  `id` int NOT NULL AUTO_INCREMENT,
  `code` varchar(40) NOT NULL,
  `value` longtext NOT NULL,
  PRIMARY KEY (`id`)
) ENGINE=InnoDB AUTO_INCREMENT=23 DEFAULT CHARSET=latin1;
/*!40101 SET character_set_client = @saved_cs_client */;

--
-- Dumping data for table `survey_instancesetting`
--

LOCK TABLES `survey_instancesetting` WRITE;
/*!40000 ALTER TABLE `survey_instancesetting` DISABLE KEYS */;
INSERT INTO `survey_instancesetting` VALUES (1,'test','yes this is test'),(2,'logo_file_name','logo.jpg?v=0.433858513517'),(3,'email_template_enrollment_html','survey/email_template_yourcompany.html'),(4,'email_template_enrollment_text','survey/yourcompany_email_template.txt'),(5,'email_template_enrollment_from','support <support@dragile.com>'),(6,'email_template_enrollment_replyto','support <support@dragile.com>'),(7,'email_template_enrollment_subject','Agile is coming!  Are we ready?'),(8,'report_red_interval','45'),(9,'report_yellow_interval','25'),(10,'report_lightgreen_interval','20'),(11,'report_green_interval','10'),(12,'email_template_complete_reminder_text','email_templates/complete_reminder_text_yourcompany.txt'),(13,'email_template_complete_reminder_html','email_templates/complete_reminder_html_yourcompany.html'),(14,'email_template_complete_reminder_subject','REMINDER: We need to hear from you'),(15,'email_template_complete_reminder_from','Your Admin <your_admin@yourcompany.com>'),(16,'email_template_complete_reminder_replyto','Your Company <agile@yourcompany.com>'),(17,'email_template_start_reminder_text','email_templates/start_reminder_text_yourname.txt'),(18,'email_template_start_reminder_html','email_templates/start_reminder_html_yourname.html'),(19,'email_template_start_reminder_subject','REMINDER: We need to hear from you'),(20,'email_template_start_reminder_from','Your Name <yourname@yourcompany.com>'),(21,'email_template_start_reminder_replyto','Your Company <agile@yourcompany.com>'),(22,'quota','750');
/*!40000 ALTER TABLE `survey_instancesetting` ENABLE KEYS */;
UNLOCK TABLES;

--
-- Table structure for table `survey_macro`
--

DROP TABLE IF EXISTS `survey_macro`;
/*!40101 SET @saved_cs_client     = @@character_set_client */;
/*!50503 SET character_set_client = utf8mb4 */;
CREATE TABLE `survey_macro` (
  `id` int NOT NULL AUTO_INCREMENT,
  `place_holder` varchar(255) NOT NULL,
  `translation` longtext NOT NULL,
  PRIMARY KEY (`id`)
) ENGINE=InnoDB AUTO_INCREMENT=99 DEFAULT CHARSET=latin1;
/*!40101 SET character_set_client = @saved_cs_client */;

--
-- Dumping data for table `survey_macro`
--

LOCK TABLES `survey_macro` WRITE;
/*!40000 ALTER TABLE `survey_macro` DISABLE KEYS */;
INSERT INTO `survey_macro` VALUES (66,'#user#','Think about who will ultimately use the product/solution/deliverable.'),(68,'#requirements document#','Requirements reflect the Business or customer\'s needs and wants.  On Agile projects, they are typically in the form of User Stories with Acceptance Criteria.'),(69,'#users#','Think about who will ultimately use the product/solution/deliverable.'),(71,'#delivery team#','A project team that consists of persons assigned to work on the product/solution/deliverable of a project all of who will help achieve the objectives. '),(72,'#Management#','Management'),(73,'#Business#','This may be is a client role external to your organization. It may also be an internal Business person who is representing the customer or end user\'s needs and who identifies and prioritizes requirements (user stories).'),(74,'#project#','Whatever project team(s) you\'re currently a part of. '),(76,'#employees#','Your employees. '),(77,'#requirement#','Requirements reflect the Business or customer\'s needs and wants.  On Agile projects, they are typically in the form of User Stories with Acceptance Criteria.'),(78,'#requirements#','Requirements reflect the Business or customer\'s needs and wants.  On Agile projects, they are typically in the form of User Stories with Acceptance Criteria.'),(79,'#relative estimation#','This technique of estimation compares items to each other to determine the relative size instead of estimating items individually. On Agile projects, the unit of relative estimation is most commonly Story Points.  It may also be Ideal Days. For example in relative estimating we might say that Item A is a little smaller than Item B.'),(80,'#absolute estimation#','This technique estimates items indviudally to determine the size. For example, instead of judging if Item A is larger or smaller than Item B, the estimator would look only at Item A and estimate how big it is with no regard to Item B.'),(81,'#Paired Programming#','Paired Programming involves having two developers work together on one computer. One writes the code and the other reviews and enhances the design. They switch roles frequently.'),(82,'#business#','This may be a client role external to your organization. It may also be an internal Business person who is representing the customer or end user\'s needs and who identifies and prioritizes requirements (user stories).'),(83,'#refactoring#','Refactoring consists of improving the internal structure of an existing program\'s source code, while preserving its external behavior.'),(84,'#Analysts#','An employee who examines the needs and concerns of clients/customers and stakeholders to determine where potential problems and opportunities lie'),(87,'#application teams#','These are the teams that are involved with the application development versus the business-oriented teams. '),(88,'#user community#','This is meant to represent the collective group of end users who will ultimately use the product/solution/deliverable.'),(89,'#IM#','The exchange of typed messages between computer users in real time via the Internet.'),(90,'#Test-driven development#','Test-Driven Development (TDD) is a technique whereby automated unit tests are written before the code (it is meant to test) is written. The result is a high coverage of automated tests for the code base. Additionally this solves the challenges of designing for testability.'),(91,'#test-driven development#','Test-Driven Development (TDD) is a technique whereby automated unit tests are written before the code (it is meant to test) is written. The result is a high coverage of automated tests for the code base. Additionally this solves the challenges of designing for testability.'),(92,'#face-to-face#','Meetings that are held in person or via videoconference.'),(93,'#everyone#','This term includes every person on a particular project team. '),(94,'#prioritized# ','An item that has been deemed more important than a related item or piece of work. Often in Agile we discuss delivering the highest-value item first.'),(95,'#last responsible moment#','The key is to make decisions as late as you can responsibly wait because that is the point at which you have the most information on which to base the decision. In software design it means you forgo creating generalized solutions or class structures until you know that they\'re justified or necessary.'),(96,'#self-organizing team#','Teams centered and guided by every member of the team rather than a top-down leadership method indicative of the Project Manager role that is more common on a Traditional/Waterfall project. '),(97,'#user stories#','A user story is one or more sentences in the everyday or business language of the end user or user of a system that captures what a user does or needs to do as part of his or her job function.'),(98,'#charter#','A charter is a high-level summary of the project\'s key determinants, goals, and success factors. It is accessible to all team members, and usually displayed on one wall of the team room as a flipchart-sized sheet of paper');
/*!40000 ALTER TABLE `survey_macro` ENABLE KEYS */;
UNLOCK TABLES;

--
-- Table structure for table `survey_mcqanswer`
--

DROP TABLE IF EXISTS `survey_mcqanswer`;
/*!40101 SET @saved_cs_client     = @@character_set_client */;
/*!50503 SET character_set_client = utf8mb4 */;
CREATE TABLE `survey_mcqanswer` (
  `id` int NOT NULL AUTO_INCREMENT,
  `answerrange_id` int NOT NULL,
  `title` varchar(200) NOT NULL,
  `minValue` decimal(10,2) NOT NULL,
  `maxValue` decimal(10,2) NOT NULL,
  PRIMARY KEY (`id`),
  KEY `survey_mcqanswer_7488dc02` (`answerrange_id`)
) ENGINE=InnoDB AUTO_INCREMENT=104 DEFAULT CHARSET=latin1;
/*!40101 SET character_set_client = @saved_cs_client */;

--
-- Dumping data for table `survey_mcqanswer`
--

LOCK TABLES `survey_mcqanswer` WRITE;
/*!40000 ALTER TABLE `survey_mcqanswer` DISABLE KEYS */;
INSERT INTO `survey_mcqanswer` VALUES (86,20,'Strongly Disagree',0.00,20.00),(87,20,'Tend to Disagree',20.00,45.00),(88,20,'Neither Agree or Disagree',45.00,55.00),(89,20,'Tend to Agree',55.00,80.00),(90,20,'Strongly Agree',80.00,100.00),(91,21,'Never',0.00,20.00),(92,21,'Seldom',20.00,35.00),(93,21,'Sometimes',35.00,65.00),(94,21,'Usually',65.00,85.00),(95,21,'Always',85.00,100.00),(96,22,'Strongly Disagree',80.00,100.00),(97,22,'Tend to Disagree',55.00,80.00),(98,22,'Neither Agree or Disagree',45.00,55.00),(99,22,'Tend to Agree',20.00,45.00),(100,22,'Strongly Agree',0.00,20.00),(101,20,'Not Applicable',-1.00,-1.00),(102,21,'Not Applicable',-1.00,-1.00),(103,22,'Not Applicable',-1.00,-1.00);
/*!40000 ALTER TABLE `survey_mcqanswer` ENABLE KEYS */;
UNLOCK TABLES;

--
-- Table structure for table `survey_message`
--

DROP TABLE IF EXISTS `survey_message`;
/*!40101 SET @saved_cs_client     = @@character_set_client */;
/*!50503 SET character_set_client = utf8mb4 */;
CREATE TABLE `survey_message` (
  `id` int NOT NULL AUTO_INCREMENT,
  `code` varchar(40) NOT NULL,
  `body` varchar(1500) NOT NULL,
  PRIMARY KEY (`id`)
) ENGINE=InnoDB AUTO_INCREMENT=9 DEFAULT CHARSET=latin1;
/*!40101 SET character_set_client = @saved_cs_client */;

--
-- Dumping data for table `survey_message`
--

LOCK TABLES `survey_message` WRITE;
/*!40000 ALTER TABLE `survey_message` DISABLE KEYS */;
INSERT INTO `survey_message` VALUES (1,'welcome','Welcome to the Agile Readiness Assessment. All your answers will remain confidential.'),(2,'logo','blank'),(3,'close','Survey is closed by Administrator.'),(4,'readiness_assessment_optimized','This report is specifically designed to provide a detailed practice reading for your organization. Each practice written in blue can be expanded by selecting the (+) icon. Within, you will find the characteristics which act as qualifiers for the practice expanded. For each practice, you can view your overall rating by hovering over the assessment level bar on the right. As you drill down the same is true for each supplemental characteristic. For example:  Buy-in to collaborate on requirements is an essential element determining your organization\'s ability to effectively collaborate on requirements as a diverse team of professionals. '),(5,'practice_spectrum','This report is specifically designed to evaluate your organization is practice spectrum . In and ideally agile world you would see your organization has practices rank on the upper echelon of the temperature scale on the right. By scrolling over the practices on the right you will reveal the characteristics that comprise each practice as well as your team has mean agility for each. This is indicated by the small gadget immediately to the left of each characteristic.'),(6,'category_radar','This report is specifically designed to evaluate your organization is category radar. In and ideally agile world you would see your organization has practices rank on the upper echelon of the temperature scale on the right. By scrolling over the practices on the right you will reveal the characteristics that comprise each practice as well as your team has mean agility for each. This is indicated by the small gadget immediately to the left of each characteristic.'),(7,'open','Survey is opened by Administrator.'),(8,'role_composition_mapping','Role Composition Mapping');
/*!40000 ALTER TABLE `survey_message` ENABLE KEYS */;
UNLOCK TABLES;

--
-- Table structure for table `survey_option`
--

DROP TABLE IF EXISTS `survey_option`;
/*!40101 SET @saved_cs_client     = @@character_set_client */;
/*!50503 SET character_set_client = utf8mb4 */;
CREATE TABLE `survey_option` (
  `id` int NOT NULL AUTO_INCREMENT,
  `key` varchar(80) NOT NULL,
  `value` varchar(80) NOT NULL,
  PRIMARY KEY (`id`)
) ENGINE=InnoDB AUTO_INCREMENT=4 DEFAULT CHARSET=latin1;
/*!40101 SET character_set_client = @saved_cs_client */;

--
-- Dumping data for table `survey_option`
--

LOCK TABLES `survey_option` WRITE;
/*!40000 ALTER TABLE `survey_option` DISABLE KEYS */;
INSERT INTO `survey_option` VALUES (1,'survey_closed','closed'),(2,'show_report','show'),(3,'show_demographic','show');
/*!40000 ALTER TABLE `survey_option` ENABLE KEYS */;
UNLOCK TABLES;

--
-- Table structure for table `survey_practice`
--

DROP TABLE IF EXISTS `survey_practice`;
/*!40101 SET @saved_cs_client     = @@character_set_client */;
/*!50503 SET character_set_client = utf8mb4 */;
CREATE TABLE `survey_practice` (
  `id` int NOT NULL AUTO_INCREMENT,
  `code` varchar(10) NOT NULL,
  `title` varchar(200) NOT NULL,
  `description` longtext NOT NULL,
  PRIMARY KEY (`id`)
) ENGINE=InnoDB AUTO_INCREMENT=263 DEFAULT CHARSET=latin1;
/*!40101 SET character_set_client = @saved_cs_client */;

--
-- Dumping data for table `survey_practice`
--

LOCK TABLES `survey_practice` WRITE;
/*!40000 ALTER TABLE `survey_practice` DISABLE KEYS */;
INSERT INTO `survey_practice` VALUES (241,'COR','Collaborating on Requirements','Attitudes towards collaboration, especially in developing requirements.'),(242,'EST','Estimating','Estimating is one of the most important practices for agile teams to master; it is the basis of iteration planning and negotiating with the Value Team on iteration commitments. The estimating process is central to helping the team understand each story from the Value Team\'s perspective, to synchronize their individual understanding of the stories, and avoid over-engineering the solution. '),(243,'VBD','Value based documentation','Value based documentation refers to documentation that primarily serves the purpose of preserving information as opposed to conveying information.'),(244,'VOR','Value-Oriented Requirements','Value-oriented requirements encompass the product definition practices of Personas and User Stories. Personas help the Value and Delivery teams to have specific insights about the needs and values of the end users, rather than treating them as generic users.  User stories include the techniques of developing user stories, story slicing and mapping, to create end-to-end user experiences.'),(245,'FTF','Face to Face communication','Face to face communication is about achieving the richest form of communication possible by increasing the number of senses you are using in communication.  The objective of F2F is to get people fully engaged, aligned and building trust.'),(246,'CHA','Chartering','Chartering is the initial step to get a team aligned.  The Chartering process uncovers differences and misunderstanding so everyone is on the same page about the purpose of the team.  Chartering can be done for a team or a project.'),(247,'APN','Adaptive Planning','This practice is in many ways at the heart of what agile promises an organization or team. To be able to respond or react to client demands within a regular and timely manner is to practice adaptive planning. Prioritizing backlog items based on the feedback and response of the marketplace/client. '),(248,'BLG','Maintaining a Backlog','A backlog is a list of features or technical tasks which the team maintains and which, at a given moment, are known to be necessary and sufficient to complete a project or a release.'),(249,'FDB','Frequent feedback','A practice of the general team to demo, solicit and accept client feedback on a regular basis at an interval negotiated with the client directly. '),(250,'EMT','Empowered Motivated Team','A \"team\" in the Agile sense is a small group of people, assigned to the same project or effort, nearly all of them on a full-time basis. A small minority of team members may be part-time contributors, or may have competing responsibilities. The notion of team entails shared accountability: good or bad, the outcomes should be attributed to the entire team rather than to any individual. The team is expected to possess all of the necessary competencies, whether technical (programming, designing, testing) or business (domain knowledge, decision making ability).'),(251,'PER','Progressive Elaboration of Requirements','Not all requirements are gathered at the beginning of the project; they evolve and change over the lifecycle of the product. Requirements iteratively evolve instead of being fully developed in one major specifications effort at the beginning of the project.'),(252,'BDI','Business Driven iterations','A key feature of Agile approaches is the underlying assumption that a project consists excusively of a sequence of iterations, possibly with the exception of a very brief \"vision and planning\" phase prior to development, and a similarly brief \"closure\" phase after it. In general iterations are aligned with calendar weeks, often starting on mondays and ending on fridays; this is more a matter of convenience than an explicit recommendation and many teams adopt different conventions. The fixed length of iterations gives teams a simple way to obtain, based on velocity and the amount of work remaining, a usually accurate (though not very precise) estimation of the project\'s remaining duration.'),(253,'FDP','Frequent Delivery Process','This practice encourages dividing the development effort into releases and each release into iterations. Continuous delivery promotes delivering the product project in small iterations at regular intervals. '),(254,'CGS','Coding Standards','If programmers all adhere to a single coding standard (including everything from tabs vs. spaces and curly bracket placement to naming conventions for things like classes, methods, and interfaces), everything just works better. It\'s easier to maintain and extend code, to refactor it, and to reconcile integration conflicts, if a common standard is applied consistently throughout. The standard itself matters much less than adherence to it. Fortunately, modern IDEs make it trivial to apply many kinds of formatting, even after the fact.'),(255,'SOT','Self-organizing teams','Teams centered and guided by every member of the team rather than a top-down leadership method indicative of the Project Manager role that is more common on a Traditional/Waterfall project.'),(256,'TDD','Test Driven Development','Test-Driven Development (TDD) is a technique whereby automated unit tests are written before the code (it is meant to test) is written. The result is a high coverage of automated tests for the code base. Additionally this solves the challenges of designing for testability.'),(257,'CNI','Continuous Integration ','Teams practicing continuous integration seek two objectives: minimize the duration and effort required by each integration episode and to be able to deliver at any moment a product version suitable for release'),(258,'PPG','Paired Programming','Paired Programming involves having two developers work together on one computer. One writes the code and the other reviews and enhances the design. They switch roles frequently.'),(259,'RTP','Retrospectives','Agile retrospective helps the team examine what went well during the past sprint and identify the areas of improvement for the future sprints.'),(260,'TSV','Task Volunteering ','Task volunteering relates to the way work is designed and digested by members of an agile team. This relates to a larger believe in self-organized teams, a shared responsibility for the workload and the visibility and radiation of work-in-progress and completed. '),(261,'WIP','Limit Work in Process','Work in progress limits are agreed upon by the development team before a project begins and are enforced by the team\'s facilitator. For example, a team may divide the tasks that must be performed for a feature into design, code, test and deploy.  When a WIP limit for a certain task has been reached, the team stops and works together to clear the bottleneck.  The goal of working in this manner is meant to ensure that the entire team takes ownership of the project and produces high quality code.'),(262,'AUT','Automated Unit Tests','The \"build\" in developer parlance consists in the process which, starting from files and other assets under the developers\' responsibility, results in a software product in its final or \"consumable\" form. This may include compiling source files, their packaging into compressed formats (jar, zip, etc.) but also the production of installers, the creation or updating of database schema or data, and so on. The build is \"automated\" to the extent that these steps are repeatable and require no direct human intervention, and can be performed at any time with no information other than what is stored in the source code control repository.');
/*!40000 ALTER TABLE `survey_practice` ENABLE KEYS */;
UNLOCK TABLES;

--
-- Table structure for table `survey_practice_characteristics`
--

DROP TABLE IF EXISTS `survey_practice_characteristics`;
/*!40101 SET @saved_cs_client     = @@character_set_client */;
/*!50503 SET character_set_client = utf8mb4 */;
CREATE TABLE `survey_practice_characteristics` (
  `id` int NOT NULL AUTO_INCREMENT,
  `practice_id` int NOT NULL,
  `characteristic_id` int NOT NULL,
  PRIMARY KEY (`id`),
  UNIQUE KEY `practice_id` (`practice_id`,`characteristic_id`),
  KEY `survey_practice_characteristics_2062c5bd` (`practice_id`),
  KEY `survey_practice_characteristics_52bdb3ed` (`characteristic_id`),
  CONSTRAINT `characteristic_id_refs_id_3b9a22c4` FOREIGN KEY (`characteristic_id`) REFERENCES `survey_characteristic` (`id`),
  CONSTRAINT `practice_id_refs_id_15a1cf12` FOREIGN KEY (`practice_id`) REFERENCES `survey_practice` (`id`)
) ENGINE=InnoDB AUTO_INCREMENT=574 DEFAULT CHARSET=latin1;
/*!40101 SET character_set_client = @saved_cs_client */;

--
-- Dumping data for table `survey_practice_characteristics`
--

LOCK TABLES `survey_practice_characteristics` WRITE;
/*!40000 ALTER TABLE `survey_practice_characteristics` DISABLE KEYS */;
INSERT INTO `survey_practice_characteristics` VALUES (451,241,287),(452,241,288),(453,242,289),(455,242,290),(454,242,291),(456,242,314),(457,243,292),(458,243,293),(459,243,325),(460,244,294),(461,244,295),(462,245,296),(463,245,297),(464,246,298),(465,246,299),(466,246,300),(467,246,325),(468,247,301),(469,247,302),(470,247,303),(471,248,301),(472,248,304),(473,248,305),(474,248,306),(475,248,307),(476,248,325),(477,249,308),(478,249,309),(479,249,310),(480,249,311),(481,249,325),(558,250,312),(559,250,313),(560,250,314),(561,250,315),(562,250,316),(563,250,317),(557,250,339),(488,251,302),(489,251,310),(490,251,318),(491,251,319),(492,251,320),(493,251,321),(494,251,323),(495,251,325),(496,252,304),(497,252,321),(498,252,324),(499,252,325),(500,253,311),(501,253,317),(502,253,319),(503,253,320),(504,253,321),(505,253,322),(506,253,326),(507,253,327),(508,253,328),(509,253,329),(510,253,330),(511,254,331),(512,254,332),(551,255,312),(552,255,313),(553,255,314),(554,255,315),(555,255,316),(556,255,317),(545,255,333),(546,255,334),(547,255,335),(548,255,336),(549,255,337),(550,255,339),(524,256,340),(525,256,341),(526,256,342),(527,257,329),(528,257,343),(529,257,344),(530,257,345),(569,258,312),(572,258,316),(570,258,346),(571,258,347),(573,258,358),(535,259,348),(536,259,349),(566,260,339),(567,260,350),(568,260,351),(564,260,352),(565,260,353),(541,261,354),(542,261,355),(543,262,356),(544,262,357);
/*!40000 ALTER TABLE `survey_practice_characteristics` ENABLE KEYS */;
UNLOCK TABLES;

--
-- Table structure for table `survey_reportpassword`
--

DROP TABLE IF EXISTS `survey_reportpassword`;
/*!40101 SET @saved_cs_client     = @@character_set_client */;
/*!50503 SET character_set_client = utf8mb4 */;
CREATE TABLE `survey_reportpassword` (
  `id` int NOT NULL AUTO_INCREMENT,
  `url` varchar(400) NOT NULL,
  `password` varchar(20) NOT NULL,
  PRIMARY KEY (`id`)
) ENGINE=InnoDB AUTO_INCREMENT=2 DEFAULT CHARSET=latin1;
/*!40101 SET character_set_client = @saved_cs_client */;

--
-- Dumping data for table `survey_reportpassword`
--

LOCK TABLES `survey_reportpassword` WRITE;
/*!40000 ALTER TABLE `survey_reportpassword` DISABLE KEYS */;
INSERT INTO `survey_reportpassword` VALUES (1,'/report/','123');
/*!40000 ALTER TABLE `survey_reportpassword` ENABLE KEYS */;
UNLOCK TABLES;

--
-- Table structure for table `survey_role`
--

DROP TABLE IF EXISTS `survey_role`;
/*!40101 SET @saved_cs_client     = @@character_set_client */;
/*!50503 SET character_set_client = utf8mb4 */;
CREATE TABLE `survey_role` (
  `id` int NOT NULL AUTO_INCREMENT,
  `title` varchar(200) NOT NULL,
  `code` varchar(10) NOT NULL,
  `description` longtext NOT NULL,
  `rank` int NOT NULL,
  PRIMARY KEY (`id`)
) ENGINE=InnoDB AUTO_INCREMENT=405 DEFAULT CHARSET=latin1;
/*!40101 SET character_set_client = @saved_cs_client */;

--
-- Dumping data for table `survey_role`
--

LOCK TABLES `survey_role` WRITE;
/*!40000 ALTER TABLE `survey_role` DISABLE KEYS */;
INSERT INTO `survey_role` VALUES (396,'Business SME','B','<p class=\"p1\"><span class=\"s1\">This role is suitable for individuals engaged from outside the IT (software development) organization. Individuals in this role commonly are the ones with developed, deep expertise from the business or domain knowledge experience.&nbsp;</span></p>',45564564),(397,'Software Developer','D','<p class=\"p1\"><span class=\"s1\">This role is suitable for individuals creating solutions in response to requirements. They are usually engaged in activities such as (but not limited to), writing of code, customization of the code (especially for COTS products), and writing code for unit testing.&nbsp;</span></p>',0),(398,'Functional Manager','M','<p class=\"p1\"><span class=\"s1\">This role is common in organizations that have a matrix structure in which there are dedicated managers for each main specialization (development, testing, analysis, etc.), \"renting\" their people for particular projects led by project managers, This role is suitable for those individuals engaged in the allocation of people to projects and the HR-required management of the personnel that work on those projects.&nbsp;</span></p>',0),(399,'Project Manager','PM','<p class=\"p1\"><span class=\"s1\">This role is suitable for individuals engaged throughout the project lifetime in project management activities such as reporting, risk mitigation, timeline management and cost control. In many cases this role communicates with the business at the beginning of the project to understand their initial set of requirements and provide high-level estimates and plans. Typically this role is involved with removing impediments the teams has in order to reach their commitments.&nbsp;</span></p>',0),(400,'Analyst, PO','BA','<p class=\"p1\"><span class=\"s1\">This role is suitable for individuals being a liaison between the business and the development team, providing the development team with a deeper understanding of the business domain and customer needs. Analysts also expand customer-provided requirements into detailed requirements needed for the development team. Commonly, the development team relies on the business analyst to answer questions on behalf of the business (or find answers from the business) about confusing, ambiguous, or conflicting requirements.&nbsp;</span></p>\n\n<p class=\"p1\">\nIf you\'re a product owner doing all the above plus deciding on scope/schedule planning and tradeoff decisions, please select this role in the assessment.\n</p>',0),(401,'Architect ','L','<p class=\"p1\"><span class=\"s1\">This role is suitable for individuals engaged in any degree of technical guidance, leadership or mentorship to one or more developers on a team. Individuals selecting this role may commonly participate in requirements gathering and validation activities with the business or the business analysts to discuss the technical implications of the requirements. They also commonly develop technical designs, and approve development artifacts at milestone reviews. They transform the requirements into architecture and design that can be used by the rest of the team to actually create the solution. Architects are typically responsible for matching technologies to the problem being solved.&nbsp;</span></p>\r\n<p class=\"p1\"><span class=\"s1\">If you are a lead, do the above-mentioned activities, in addition to activities of a developer, please select this profile for the assessment &ndash; not the developer role.&nbsp;</span></p>',0),(402,'Quality Analyst','T','<p class=\"p1\"><span class=\"s1\">This role is suitable for individuals engaged in the development and execution of system test plans to verify that software developed meets the customer needs and requirements. Testers use a variety of techniques ranging from keying in data and playing with the system to formalized, automated testing scripts to finding bugs before they&rsquo;re found by end customers. Testers, with scripting and programming background involved with writing automated acceptance tests or automated integration and performance tests should also select this role for the assessment.&nbsp;</span></p>',0),(403,'Director, Sr. Director','DR','<p class=\"p1\"><span class=\"s1\">This role is suitable for individuals responsible for managing multiple, and often conflicting, priorities from projects competing for people, time and budget (as well as other resources). In general this role is more about oversight activities and usually deals with escalations from project teams. If most of your direct reports are line managers or directors, then this is a suitable role for you; otherwise, functional or project manager roles may be more suitable for you in this assessment.</span></p>',0),(404,'Technical Specialty Roles','S','<p>DBA, Specialty Tester, User Experience Analyst, Data Analyst, Compliance or Security Analyst.</p>\r\n<p class=\"p1\"><span class=\"s1\">This role is suitable for individuals engaged in usability, UX design, information security, configuration management, automated or manual deployment, database administration, data analysis, systems integration, administrators, hardware support for deployment and maintenance. People in these roles typically support some technical aspect of the development efforts and the development team but do not have primary responsibility for the functionality or delivery of the application.</span></p>',0);
/*!40000 ALTER TABLE `survey_role` ENABLE KEYS */;
UNLOCK TABLES;

--
-- Table structure for table `survey_test`
--

DROP TABLE IF EXISTS `survey_test`;
/*!40101 SET @saved_cs_client     = @@character_set_client */;
/*!50503 SET character_set_client = utf8mb4 */;
CREATE TABLE `survey_test` (
  `id` int NOT NULL AUTO_INCREMENT,
  `code` varchar(40) NOT NULL,
  `value` int NOT NULL DEFAULT '1',
  PRIMARY KEY (`id`)
) ENGINE=InnoDB AUTO_INCREMENT=2 DEFAULT CHARSET=latin1;
/*!40101 SET character_set_client = @saved_cs_client */;

--
-- Dumping data for table `survey_test`
--

LOCK TABLES `survey_test` WRITE;
/*!40000 ALTER TABLE `survey_test` DISABLE KEYS */;
INSERT INTO `survey_test` VALUES (1,'cron',4379);
/*!40000 ALTER TABLE `survey_test` ENABLE KEYS */;
UNLOCK TABLES;

--
-- Table structure for table `survey_ticket`
--

DROP TABLE IF EXISTS `survey_ticket`;
/*!40101 SET @saved_cs_client     = @@character_set_client */;
/*!50503 SET character_set_client = utf8mb4 */;
CREATE TABLE `survey_ticket` (
  `id` int NOT NULL AUTO_INCREMENT,
  `code` longtext NOT NULL,
  `type_ticket` longtext NOT NULL,
  `data` longtext NOT NULL,
  `status` longtext NOT NULL,
  `date_created` datetime NOT NULL,
  `date_modified` datetime NOT NULL,
  PRIMARY KEY (`id`)
) ENGINE=InnoDB AUTO_INCREMENT=18 DEFAULT CHARSET=latin1;
/*!40101 SET character_set_client = @saved_cs_client */;

--
-- Dumping data for table `survey_ticket`
--

LOCK TABLES `survey_ticket` WRITE;
/*!40000 ALTER TABLE `survey_ticket` DISABLE KEYS */;
INSERT INTO `survey_ticket` VALUES (1,'efdebc3bd2fc417ec0de49fd865116f59f869b59','change password','amr1090@yahoo.com','inavailable','2019-05-04 15:40:44','2019-05-04 16:39:16'),(2,'85578edfbe78d193c523f197d34505a046a2401c','change password','amr@agileacademy.co','available','2019-05-04 15:42:30','2019-05-04 15:42:30'),(3,'ecb84dc41edc0c8a42bba18691bf8abeee37d943','change password','amr.noaman@gmail.com','available','2019-05-04 16:40:36','2019-05-04 16:40:36'),(4,'5a88ba37c6a57f0c20fe86afaf224b3ebc8aaf7c','change password','amr1090@yahoo.com','available','2019-05-08 10:51:18','2019-05-08 10:51:18'),(5,'18daa037d7b70d6c550928bca8cd7291c9b714bc','change password','amr1090@yahoo.com','available','2019-05-08 10:59:31','2019-05-08 10:59:31'),(6,'4e82d3662a4cfea848af944d1a2efb7aa2bfd0d2','change password','amr1090@yahoo.com','available','2019-05-08 11:08:01','2019-05-08 11:08:01'),(7,'25762562793b9c1350ba0d0ede9ab7aced8611f4','change password','amr1090@yahoo.com','available','2019-05-08 16:17:54','2019-05-08 16:17:54'),(8,'4d51dd0381e50fd568c18e70c26e971d331220c7','change password','amr1090@yahoo.com','available','2019-05-09 03:03:36','2019-05-09 03:03:36'),(9,'e2fd1b368dd45b79b98b73a8c7c0a839c296f688','change password','mahmoud.bahaa@incorta.com','inavailable','2019-05-12 17:51:23','2019-05-12 17:51:53'),(10,'00f0867153ef0d1a45aac4ca65d5b6d84615c0bd','change password','ahmed.elkilany@incorta.com','available','2019-05-12 19:00:15','2019-05-12 19:00:15'),(11,'a2dc983446df9df5f9f40eb42e55f133a6205564','change password','ahmed.eltanahy@incorta.com','inavailable','2019-05-13 04:22:08','2019-05-13 04:22:53'),(12,'62a89d8793d915a0282cf91063a1717bbf41d248','change password','ahmed.eltanahy@incorta.com','available','2019-05-13 04:22:09','2019-05-13 04:22:09'),(13,'61322c8958e939255bd9b46af99916453e1aac11','change password','mohamed.kamel@incorta.com','inavailable','2019-05-14 05:54:14','2019-05-14 05:54:41'),(14,'d67865d11cd1891205c3727b58c15a43f84ff238','change password','ahmed.esmat@incorta.com','inavailable','2019-05-15 02:54:11','2019-05-15 02:54:51'),(15,'2f41af07edb8b59c3967f991c4a051721b75b104','change password','ashwin.warrier@incorta.com','available','2019-05-17 11:05:45','2019-05-17 11:05:45'),(16,'47eade04cd0d8d6f199f86cb912d4ea8b409d3b1','change password','ashwin.warrier@incorta.com','inavailable','2019-05-17 11:06:07','2019-05-17 11:06:35'),(17,'42a7c9a176389104edd643a39c0af056df317b01','change password','mark.wells@incorta.com','inavailable','2019-05-18 09:36:24','2019-05-18 09:37:14');
/*!40000 ALTER TABLE `survey_ticket` ENABLE KEYS */;
UNLOCK TABLES;

--
-- Table structure for table `survey_userdemographics`
--

DROP TABLE IF EXISTS `survey_userdemographics`;
/*!40101 SET @saved_cs_client     = @@character_set_client */;
/*!50503 SET character_set_client = utf8mb4 */;
CREATE TABLE `survey_userdemographics` (
  `id` int NOT NULL AUTO_INCREMENT,
  `userProfile_id` int NOT NULL,
  `demographic_id` int NOT NULL,
  `demographic_value_id` int NOT NULL,
  PRIMARY KEY (`id`),
  KEY `survey_userdemographics_5d6b41af` (`userProfile_id`),
  KEY `survey_userdemographics_69705540` (`demographic_id`),
  KEY `survey_userdemographics_4a45a284` (`demographic_value_id`)
) ENGINE=InnoDB AUTO_INCREMENT=365 DEFAULT CHARSET=latin1;
/*!40101 SET character_set_client = @saved_cs_client */;

--
-- Dumping data for table `survey_userdemographics`
--

LOCK TABLES `survey_userdemographics` WRITE;
/*!40000 ALTER TABLE `survey_userdemographics` DISABLE KEYS */;
INSERT INTO `survey_userdemographics` VALUES (21,167,2,5),(22,167,9,31),(23,167,10,37),(24,167,11,40),(41,28,2,5),(42,28,9,33),(43,28,11,45),(44,28,12,52),(49,92,2,6),(50,92,9,31),(51,92,11,47),(52,92,12,52),(53,112,2,5),(54,112,9,31),(55,112,11,46),(56,112,12,52),(57,124,2,5),(58,124,9,31),(59,124,11,42),(60,124,12,52),(61,125,2,5),(62,125,9,33),(63,125,11,46),(64,125,12,52),(65,98,2,6),(66,98,9,33),(67,98,11,42),(68,98,12,52),(69,109,2,5),(70,109,9,33),(71,109,11,42),(72,109,12,52),(73,103,2,6),(74,103,9,32),(75,103,11,47),(76,103,12,52),(77,87,2,5),(78,87,9,33),(79,87,11,42),(80,87,12,52),(81,70,2,5),(82,70,9,31),(83,70,11,47),(84,70,12,53),(85,67,2,5),(86,67,9,31),(87,67,11,46),(88,67,12,53),(89,127,2,5),(90,127,9,31),(91,127,11,46),(92,127,12,52),(93,84,2,5),(94,84,9,32),(95,84,11,42),(96,84,12,52),(97,69,2,5),(98,69,9,31),(99,69,11,47),(100,69,12,53),(101,62,2,5),(102,62,9,31),(103,62,11,47),(104,62,12,53),(105,102,2,5),(106,102,9,31),(107,102,11,47),(108,102,12,52),(109,108,2,5),(110,108,9,31),(111,108,11,42),(112,108,12,52),(113,81,2,5),(114,81,9,31),(115,81,11,40),(116,81,12,53),(117,149,2,5),(118,149,9,31),(119,149,11,42),(120,149,12,54),(121,77,2,5),(122,77,9,31),(123,77,11,44),(124,77,12,53),(125,41,2,6),(126,41,9,32),(127,41,11,42),(128,41,12,53),(129,48,2,6),(130,48,9,31),(131,48,11,46),(132,48,12,53),(133,55,2,5),(134,55,9,31),(135,55,11,40),(136,55,12,53),(137,61,2,5),(138,61,9,32),(139,61,11,42),(140,61,12,53),(141,34,2,6),(142,34,9,31),(143,34,11,42),(144,34,12,53),(145,66,2,5),(146,66,9,33),(147,66,11,42),(148,66,12,53),(149,110,2,5),(150,110,9,31),(151,110,11,42),(152,110,12,52),(153,58,2,5),(154,58,9,32),(155,58,11,39),(156,58,12,53),(157,37,2,6),(158,37,9,33),(159,37,11,42),(160,37,12,53),(161,115,2,5),(162,115,9,32),(163,115,11,42),(164,115,12,52),(165,105,2,5),(166,105,9,32),(167,105,11,42),(168,105,12,52),(169,111,2,5),(170,111,9,32),(171,111,11,46),(172,111,12,52),(173,83,2,5),(174,83,9,33),(175,83,11,46),(176,83,12,52),(177,63,2,6),(178,63,9,31),(179,63,11,42),(180,63,12,53),(181,89,2,6),(182,89,9,31),(183,89,11,42),(184,89,12,52),(185,65,2,5),(186,65,9,32),(187,65,11,47),(188,65,12,53),(189,128,2,5),(190,128,9,31),(191,128,11,42),(192,128,12,52),(193,106,2,5),(194,106,9,31),(195,106,11,42),(196,106,12,52),(201,120,2,5),(202,120,9,33),(203,120,11,42),(204,120,12,52),(205,59,2,5),(206,59,9,32),(207,59,11,42),(208,59,12,53),(209,122,2,5),(210,122,9,31),(211,122,11,42),(212,122,12,52),(213,44,2,6),(214,44,9,31),(215,44,11,47),(216,44,12,53),(217,42,2,6),(218,42,9,31),(219,42,11,47),(220,42,12,53),(221,123,2,5),(222,123,9,31),(223,123,11,42),(224,123,12,52),(225,85,2,5),(226,85,9,33),(227,85,11,42),(228,85,12,52),(229,72,2,5),(230,72,9,31),(231,72,11,41),(232,72,12,53),(233,71,2,5),(234,71,9,31),(235,71,11,42),(236,71,12,53),(237,138,2,5),(238,138,9,33),(239,138,11,46),(240,138,12,54),(241,75,2,5),(242,75,9,33),(243,75,11,41),(244,75,12,53),(245,40,2,6),(246,40,9,31),(247,40,11,42),(248,40,12,53),(249,53,2,5),(250,53,9,36),(251,53,11,40),(252,53,12,53),(253,50,2,5),(254,50,9,33),(255,50,11,42),(256,50,12,53),(257,129,2,5),(258,129,9,31),(259,129,11,47),(260,129,12,52),(261,52,2,6),(262,52,9,31),(263,52,11,41),(264,52,12,53),(265,51,2,6),(266,51,9,31),(267,51,11,47),(268,51,12,53),(269,165,2,5),(270,165,9,31),(271,165,11,55),(272,165,12,54),(273,168,2,5),(274,168,9,33),(275,168,11,55),(276,168,12,54),(277,135,2,5),(278,135,9,32),(279,135,11,42),(280,135,12,54),(281,141,2,5),(282,141,9,33),(283,141,11,42),(284,141,12,54),(285,137,2,6),(286,137,9,33),(287,137,11,55),(288,137,12,54),(289,134,2,5),(290,134,9,31),(291,134,11,46),(292,134,12,54),(293,140,2,5),(294,140,9,32),(295,140,11,42),(296,140,12,54),(297,153,2,5),(298,153,9,31),(299,153,11,46),(300,153,12,54),(301,142,2,5),(302,142,9,31),(303,142,11,46),(304,142,12,54),(305,57,2,5),(306,57,9,31),(307,57,11,40),(308,57,12,53),(309,35,2,6),(310,35,9,32),(311,35,11,42),(312,35,12,53),(313,95,2,6),(314,95,9,32),(315,95,11,47),(316,95,12,52),(317,145,2,5),(318,145,9,31),(319,145,11,40),(320,145,12,54),(321,144,2,7),(322,144,9,31),(323,144,11,46),(324,144,12,54),(325,160,2,5),(326,160,9,32),(327,160,11,55),(328,160,12,54),(329,162,2,6),(330,162,9,31),(331,162,11,55),(332,162,12,54),(333,107,2,5),(334,107,9,31),(335,107,11,42),(336,107,12,52),(337,36,2,6),(338,36,9,31),(339,36,11,47),(340,36,12,53),(341,131,2,5),(342,131,9,31),(343,131,11,42),(344,131,12,52),(345,68,2,5),(346,68,9,31),(347,68,11,42),(348,68,12,53),(349,121,2,5),(350,121,9,32),(351,121,11,46),(352,121,12,52),(353,99,2,6),(354,99,9,31),(355,99,11,46),(356,99,12,52),(357,147,2,5),(358,147,9,33),(359,147,11,42),(360,147,12,54),(361,19,2,6),(362,19,9,31),(363,19,11,41),(364,19,12,53);
/*!40000 ALTER TABLE `survey_userdemographics` ENABLE KEYS */;
UNLOCK TABLES;

--
-- Table structure for table `survey_userprofile`
--

DROP TABLE IF EXISTS `survey_userprofile`;
/*!40101 SET @saved_cs_client     = @@character_set_client */;
/*!50503 SET character_set_client = utf8mb4 */;
CREATE TABLE `survey_userprofile` (
  `id` int NOT NULL AUTO_INCREMENT,
  `user_id` int NOT NULL,
  `hide_welcome_message` tinyint(1) NOT NULL,
  `did_fill_demographics` tinyint(1) NOT NULL,
  `survey_finished` tinyint(1) NOT NULL,
  `first_name` varchar(80) NOT NULL,
  `last_name` varchar(80) NOT NULL,
  `supervisor` varchar(80) NOT NULL,
  `department_manager` varchar(80) NOT NULL,
  PRIMARY KEY (`id`),
  UNIQUE KEY `user_id` (`user_id`)
) ENGINE=InnoDB AUTO_INCREMENT=170 DEFAULT CHARSET=latin1;
/*!40101 SET character_set_client = @saved_cs_client */;

--
-- Dumping data for table `survey_userprofile`
--

LOCK TABLES `survey_userprofile` WRITE;
/*!40000 ALTER TABLE `survey_userprofile` DISABLE KEYS */;
INSERT INTO `survey_userprofile` VALUES (1,1632,0,0,0,'','','',''),(2,1633,0,0,0,'','','',''),(5,4,0,0,0,'','','',''),(8,7,0,0,0,'','','',''),(9,8,0,0,0,'','','',''),(10,9,0,0,0,'','','',''),(11,10,0,0,0,'','','',''),(19,167,0,1,1,'Ali','Osama','',''),(28,27,0,1,1,'Muhammad','Elkharashy','',''),(31,30,0,0,0,'ahmed','Magdy ','',''),(32,31,0,0,0,'enas','elshahat','',''),(33,32,0,0,0,'ahmed','riyad','',''),(34,33,0,1,0,'ahmed','alsammany','',''),(35,34,0,1,1,'sara','youssef','',''),(36,35,0,1,1,'mohamed','elprince','',''),(37,36,0,1,1,'osama','khalifa','',''),(38,37,0,0,0,'ahmed','fouad','',''),(39,38,0,0,0,'ahmed','eltanahy','',''),(40,39,0,1,0,'amina','elShal','',''),(41,40,0,1,0,'tamer','mahfouz','',''),(42,41,0,1,0,'nouran','nouran','',''),(43,42,0,0,0,'eman','Bedir ','',''),(44,43,0,1,1,'eman','Moussa ','',''),(45,44,0,0,0,'ahmed','Youssef','',''),(46,45,0,0,0,'mohamed','Khaled ','',''),(47,46,0,0,0,'aya','Omar ','',''),(48,47,0,1,1,'mohamed','gelbana','',''),(49,48,0,0,0,'mohamed','ghanem ','',''),(50,49,0,1,1,'ayman','madkour','',''),(51,50,0,1,0,'ahmed','faried','',''),(52,51,0,1,1,'mohamed','ghayaty','',''),(53,52,0,1,1,'ahmed','esmat ','',''),(54,53,0,0,0,'ayat','aboelnaga ','',''),(55,54,0,1,1,'moneim','serry','',''),(56,55,0,0,0,'moataz','Mishrif','',''),(57,56,0,1,1,'rasha','mahran','',''),(58,57,0,1,1,'mohamed','ghonem','',''),(59,58,0,1,1,'amr','yassin','',''),(60,59,0,0,0,'shaymaa','elkhawaga ','',''),(61,60,0,1,0,'islam','Omar ','',''),(62,61,0,1,1,'mona','amr','',''),(63,62,0,1,1,'mohamed','orikat','',''),(64,63,0,0,0,'sara','ramadan','',''),(65,64,0,1,1,'mohab','mohee ','',''),(66,65,0,1,1,'radwa','osama','',''),(67,66,0,1,1,'ahmed','moniem','',''),(68,67,0,1,1,'zain','hamed','',''),(69,68,0,1,0,'ahmed','abdelsalam','',''),(70,69,0,1,1,'menna','maged ','',''),(71,70,0,1,0,'yehia','elhady','',''),(72,71,0,1,1,'mohamed','kamel','',''),(73,72,0,0,0,'rafif','zayed','',''),(74,73,0,0,0,'amr','ismail ','',''),(75,74,0,1,1,'amr','Elnaggar','',''),(76,75,0,0,0,'sarah','saloum','',''),(77,76,0,1,1,'ghada','mahmoud ','',''),(78,77,0,0,0,'ahmed','ali ','',''),(79,78,0,0,0,'Hesham ','Mohamed ','',''),(80,79,0,0,0,'Ahmed ','Naguib','',''),(81,80,0,1,1,'Hatem ','youness','',''),(82,81,0,0,0,'Omar','Eleraky','',''),(83,82,0,1,0,'Mahmoud','Khaled','',''),(84,83,0,1,1,'Mostafa','Elganiny','',''),(85,84,0,1,1,'Ahmed','Moawad','',''),(86,85,0,0,0,'Mahmoud','Ragab','',''),(87,86,0,1,1,'Mohannad','Hassan','',''),(88,87,0,0,0,'Ahmed','Lotfy','',''),(89,88,0,1,1,'Mahomud','Bahaa','',''),(90,89,0,0,0,'Amr','Lotfy','',''),(91,90,0,0,0,'Mostafa','Bakr','',''),(92,91,0,1,1,'Shehab','Mostafa','',''),(93,92,0,0,0,'Amr','Fawzy','',''),(94,93,0,0,0,'Ahmad','Ben Ali','',''),(95,94,0,1,0,'Ossama','Sanosi','',''),(96,95,0,0,0,'Ahmad','Gaber','',''),(97,96,0,0,0,'Akthm','Elkhatib','',''),(98,97,0,1,1,'Mahmoud','Elnaggar','',''),(99,98,0,1,1,'Waleed','Ayman','',''),(100,99,0,0,0,'Waleed','Hassan','',''),(101,100,0,0,0,'Mohamed','Saad','',''),(102,101,0,1,1,'Mohamed','Sarhan','',''),(103,102,0,1,1,'Moemen','Ibrahim','',''),(104,103,0,0,0,'Shehab','ELhariry','',''),(105,104,0,1,1,'Kareem','Saleh','',''),(106,105,0,1,0,'Ahmed','Elkilany','',''),(107,106,0,1,1,'Omar','yousry','',''),(108,107,0,1,0,'Ahmed','Osama','',''),(109,108,0,1,1,'Osama','Abdelkarim','',''),(110,109,0,1,1,'Ahmed','Elfar','',''),(111,110,0,1,1,'Osama','Ra\'afat ','',''),(112,111,0,1,0,'Eslam','Elkhoga','',''),(113,112,0,0,0,'Hadeer','Mohamed','',''),(114,113,0,0,0,'Aya','Adel','',''),(115,114,0,1,0,'Omar','Saad','',''),(116,115,0,0,0,'Noureen','Heeba','',''),(117,116,0,0,0,'Nihal','Mostafa','',''),(118,117,0,0,0,'Shady','Mohamed','',''),(119,118,0,0,0,'Ahmed','Abdelbaset','',''),(120,119,0,1,1,'Islam','El-Muezzin','',''),(121,120,0,1,1,'Mohamed','Zakaria','',''),(122,121,0,1,0,'Ahmed','Helmi','',''),(123,122,0,1,1,'Moatz','Ahmed','',''),(124,123,0,1,0,'Bahaa','Zidan','',''),(125,124,0,1,0,'Ahmed','Sobhy','',''),(126,125,0,0,0,'Selim','Elawwa','',''),(127,126,0,1,1,'Rabia','Nasr','',''),(128,127,0,1,0,'Mahmoud','ELtarras','',''),(129,128,0,1,0,'Heba','Gado','',''),(130,129,0,0,0,'Noah','Orensa','',''),(131,130,0,1,0,'Mohamed','Magdi','',''),(132,131,0,0,0,'Ahmed','Faheem','',''),(133,132,0,0,0,'Amit ','Kothari','',''),(134,133,0,1,1,'Ashwin ','Warrier','',''),(135,134,0,1,1,'Danish ','Khan','',''),(136,135,0,0,0,'Divya ','Ramachandran','',''),(137,136,0,1,1,'Dylan ','Wan','',''),(138,137,0,1,1,'Hannah ','Kirk','',''),(139,138,0,0,0,'Hichem ','Sellami','',''),(140,139,0,1,1,'Hidetoshi ','Futagawa','',''),(141,140,0,1,1,'Kevin ','Ip','',''),(142,141,0,1,1,'Mark ','Wells','',''),(143,142,0,0,0,'Mateen ','Mohamed','',''),(144,143,0,1,0,'Matthew ','Halliday','',''),(145,144,0,1,0,'Mazen ','Arar','',''),(146,145,0,0,0,'Melody ','Cheung','',''),(147,146,0,1,1,'Mohamed ','Dekhil ','',''),(148,147,0,0,0,'Mohit ','Saggi','',''),(149,148,0,1,0,'Nikita ','Z','',''),(150,149,0,0,0,'Omar ','El-Dardiry','',''),(151,150,0,0,0,'Sean ','Willis','',''),(152,151,0,0,0,'Shinji ','Yoshida','',''),(153,152,0,1,1,'Tomoji ','Ashitani','',''),(154,153,0,0,0,'Vassili ','Zarouba','',''),(155,154,0,0,0,'Ziyad ','Dahbour','',''),(156,1,0,0,0,'','','',''),(158,156,0,0,0,'Dan ','Brock','',''),(159,157,0,0,0,'Dustin ','Basil','',''),(160,158,0,1,1,'Seth ','Luersen','',''),(161,159,0,0,0,'Imran ','Shamim','',''),(162,160,0,1,0,'Dave ','Wrubel','',''),(163,161,0,0,0,'Amar ','Ravi','',''),(164,162,0,0,0,'Siva ','Kowsika','',''),(165,163,0,1,1,'Tate ','Hanawalt','',''),(166,164,0,0,0,'Philip ','Pollard','',''),(167,165,0,0,0,'Jeff','Wilgus ','',''),(168,166,0,1,1,'tristan','barrientos','','');
/*!40000 ALTER TABLE `survey_userprofile` ENABLE KEYS */;
UNLOCK TABLES;

--
-- Table structure for table `survey_userprofile_roles`
--

DROP TABLE IF EXISTS `survey_userprofile_roles`;
/*!40101 SET @saved_cs_client     = @@character_set_client */;
/*!50503 SET character_set_client = utf8mb4 */;
CREATE TABLE `survey_userprofile_roles` (
  `id` int NOT NULL AUTO_INCREMENT,
  `userprofile_id` int NOT NULL,
  `role_id` int NOT NULL,
  PRIMARY KEY (`id`),
  UNIQUE KEY `userprofile_id` (`userprofile_id`,`role_id`),
  KEY `survey_userprofile_roles_1be312` (`userprofile_id`),
  KEY `survey_userprofile_roles_40f80f` (`role_id`)
) ENGINE=InnoDB AUTO_INCREMENT=811 DEFAULT CHARSET=latin1;
/*!40101 SET character_set_client = @saved_cs_client */;

--
-- Dumping data for table `survey_userprofile_roles`
--

LOCK TABLES `survey_userprofile_roles` WRITE;
/*!40000 ALTER TABLE `survey_userprofile_roles` DISABLE KEYS */;
INSERT INTO `survey_userprofile_roles` VALUES (724,19,397),(729,28,403),(755,34,397),(798,35,397),(805,36,398),(759,37,397),(782,40,398),(751,41,401),(773,42,402),(774,44,402),(752,48,397),(783,50,397),(786,51,402),(785,52,404),(781,53,404),(753,55,404),(797,57,404),(758,58,399),(771,59,401),(754,61,397),(744,62,402),(764,63,397),(766,65,402),(756,66,397),(740,67,399),(807,68,397),(743,69,402),(739,70,402),(778,71,397),(777,72,397),(780,75,404),(750,77,398),(747,81,404),(763,83,398),(742,84,397),(776,85,397),(738,87,397),(765,89,397),(731,92,402),(799,95,402),(735,98,397),(809,99,400),(745,102,402),(737,103,402),(761,105,397),(768,106,397),(804,107,397),(746,108,397),(736,109,399),(757,110,397),(762,111,400),(732,112,397),(748,113,397),(760,115,397),(770,120,397),(808,121,397),(772,122,397),(775,123,397),(733,124,397),(734,125,399),(741,127,400),(767,128,397),(784,129,402),(806,131,397),(793,134,403),(790,135,398),(792,137,401),(779,138,404),(794,140,397),(791,141,401),(796,142,396),(801,144,403),(800,145,403),(810,147,403),(749,149,397),(795,153,397),(787,156,396),(802,160,403),(803,162,399),(788,165,404),(789,168,399);
/*!40000 ALTER TABLE `survey_userprofile_roles` ENABLE KEYS */;
UNLOCK TABLES;

--
-- Table structure for table `survey_userswaitinglist`
--

DROP TABLE IF EXISTS `survey_userswaitinglist`;
/*!40101 SET @saved_cs_client     = @@character_set_client */;
/*!50503 SET character_set_client = utf8mb4 */;
CREATE TABLE `survey_userswaitinglist` (
  `id` int NOT NULL AUTO_INCREMENT,
  `first_name` varchar(80) NOT NULL,
  `last_name` varchar(80) NOT NULL,
  `role` varchar(80) NOT NULL,
  `email` varchar(80) NOT NULL,
  `supervisor` varchar(80) NOT NULL,
  `department_manager` varchar(80) NOT NULL,
  PRIMARY KEY (`id`)
) ENGINE=InnoDB AUTO_INCREMENT=10 DEFAULT CHARSET=latin1;
/*!40101 SET character_set_client = @saved_cs_client */;

--
-- Dumping data for table `survey_userswaitinglist`
--

LOCK TABLES `survey_userswaitinglist` WRITE;
/*!40000 ALTER TABLE `survey_userswaitinglist` DISABLE KEYS */;
/*!40000 ALTER TABLE `survey_userswaitinglist` ENABLE KEYS */;
UNLOCK TABLES;

--
-- Table structure for table `user_management_candidate`
--

DROP TABLE IF EXISTS `user_management_candidate`;
/*!40101 SET @saved_cs_client     = @@character_set_client */;
/*!50503 SET character_set_client = utf8mb4 */;
CREATE TABLE `user_management_candidate` (
  `id` int NOT NULL AUTO_INCREMENT,
  `first_name` varchar(80) NOT NULL,
  `last_name` varchar(80) NOT NULL,
  `email` varchar(80) NOT NULL,
  `status` varchar(11) NOT NULL DEFAULT 'Participant',
  PRIMARY KEY (`id`)
) ENGINE=InnoDB AUTO_INCREMENT=183 DEFAULT CHARSET=latin1;
/*!40101 SET character_set_client = @saved_cs_client */;

--
-- Dumping data for table `user_management_candidate`
--

LOCK TABLES `user_management_candidate` WRITE;
/*!40000 ALTER TABLE `user_management_candidate` DISABLE KEYS */;
INSERT INTO `user_management_candidate` VALUES (38,'ahmed','Magdy ','ahmed.magdy@incorta.com','Participant'),(39,'enas','elshahat','enas.elshahat@incorta.com','Participant'),(40,'ahmed','riyad','ahmed.riyad@incorta.com','Participant'),(41,'ahmed','alsammany','ahmed.alsammany@incorta.com','Started'),(42,'sara','youssef','sara.youssef@incorta.com','Finished'),(43,'mohamed','elprince','mohamed.elprince@incorta.com','Finished'),(44,'osama','khalifa','osama.khalifa@incorta.com','Finished'),(45,'ahmed','fouad','ahmed.fouad@incorta.com','Participant'),(46,'ahmed','eltanahy','ahmed.eltanahy@incorta.com','Participant'),(47,'amina','elShal','amina.elShal@incorta.com','Started'),(48,'tamer','mahfouz','tamer.mahfouz@incorta.com','Started'),(49,'nouran','nouran','nouran.yasser@incorta.com','Started'),(50,'eman','Bedir ','eman.bedair@incorta.com','Participant'),(51,'eman','Moussa ','eman.moussa@incorta.com','Finished'),(52,'ahmed','Youssef','ahmed.youssef@incorta.com','Participant'),(53,'mohamed','Khaled ','mohamed.khaled@incorta.com','Participant'),(54,'aya','Omar ','aya.omar@incorta.com','Participant'),(55,'mohamed','gelbana','mohamed.gelbana@incorta.com','Finished'),(56,'mohamed','ghanem ','mohamed.ghanem@incorta.com','Participant'),(57,'ayman','madkour','ayman.madkour@incorta.com','Finished'),(58,'ahmed','faried','ahmed.farid@incorta.com','Started'),(59,'mohamed','ghayaty','mohamed.ghayaty@incorta.com','Finished'),(60,'ahmed','esmat ','ahmed.esmat@incorta.com','Finished'),(61,'ayat','aboelnaga ','ayat.aboelnaga@incorta.com','Participant'),(62,'moneim','serry','moneim.serry@incorta.com','Finished'),(63,'moataz','Mishrif','moataz.mishrif@incorta.com','Participant'),(64,'rasha','mahran','rasha.mahran@incorta.com','Finished'),(65,'mohamed','ghonem','mohamed.ghonem@incorta.com','Finished'),(66,'amr','yassin','amr.yassin@incorta.com','Finished'),(67,'shaymaa','elkhawaga ','shaymaa.elkhawaga@incorta.com','Participant'),(68,'islam','Omar ','islam.omar@incorta.com','Started'),(69,'mona','amr','mona.amr@incorta.com','Finished'),(70,'mohamed','orikat','mohamed.orikat@incorta.com','Finished'),(71,'sara','ramadan','sara.ramadan@incorta.com','Participant'),(72,'mohab','mohee ','mohab.deen@incorta.com ','Finished'),(73,'radwa','osama','radwa.osama@incorta.com','Finished'),(74,'ahmed','moniem','ahmed.moneim@incorta.com','Finished'),(75,'zain','hamed','zain.hamed@incorta.com','Finished'),(76,'ahmed','abdelsalam','ahmed.abdelsalam@incorta.com','Started'),(77,'menna','maged ','menna.maged@incorta.com','Finished'),(79,'yehia','elhady','yehia.elhady@incorta.com','Started'),(80,'mohamed','kamel','mohamed.kamel@incorta.com','Finished'),(81,'rafif','zayed','rafif.zayed@incorta.com','Participant'),(82,'amr','ismail ','amr.ismail@incorta.com','Participant'),(83,'amr','Elnaggar','amr.elnaggar@incorta.com','Finished'),(84,'sarah','saloum','sarah.saloum@incorta.com','Participant'),(85,'ghada','mahmoud ','ghada.mahmoud@incorta.com','Finished'),(86,'ahmed','ali ','ahmed.ali@incorta.com','Participant'),(87,'Hesham ','Mohamed ','hesham.mohamed@incorta.com','Participant'),(88,'Ahmed ','Naguib','ahmed.naguib@incorta.com','Participant'),(89,'Hatem ','youness','hatem.youness@incorta.com','Finished'),(90,'Omar','Eleraky','omar.eleraky@incorta.com','Participant'),(91,'Muhammad','Elkharashy','muhammad.elkharashy@incorta.com','Finished'),(92,'Mahmoud','Khaled','mahmoud.khaled@incorta.com','Started'),(93,'Mostafa','Elganainy','mostafa.elganainy@incorta.com','Finished'),(94,'Ahmed','Moawad','ahmed.moawad@incorta.com','Finished'),(96,'Mahmoud','Ragab','mahmoud.ragab@incorta.com','Participant'),(97,'Mohannad','Hassan','mohannad.hassan@incorta.com','Finished'),(98,'Ahmed','Lotfy','ahmed.lotfy@incorta.com','Participant'),(99,'Mahomud','Bahaa','mahmoud.bahaa@incorta.com','Finished'),(100,'Amr','Lotfy','amr.lotfy@incorta.com','Participant'),(101,'Mostafa','Bakr','mostafa.bakr@incorta.com','Participant'),(102,'Shehab','Mostafa','shehab.mostafa@incorta.com','Finished'),(103,'Amr','Fawzy','amr.fawzy@incorta.com','Participant'),(104,'Ahmad','Ben Ali','ahmad.ben.ali@incorta.com','Participant'),(105,'Ossama','Sanosi','ossama.sanosi@incorta.com','Started'),(106,'Ahmad','Gaber','ahmad.gaber@incorta.com','Participant'),(108,'Akthm','Elkhatib','Akthm.Elkhateb@incorta.com','Participant'),(109,'Mahmoud','Elnaggar','mahmoud.elnaggar@incorta.com','Finished'),(110,'Waleed','Ayman','waleed.ayman@incorta.com','Finished'),(111,'Waleed','Hassan','waleed.hassan@incorta.com','Participant'),(112,'Mohamed','Saad','mohamed.saad@incorta.com','Participant'),(113,'Mohamed','Sarhan','mohamed.sarhan@incorta.com','Finished'),(114,'Moemen','Ibrahim','moemen.ebrahim@incorta.com','Finished'),(116,'Shehab','ELhariry','shehab.elhariry@incorta.com','Participant'),(117,'Kareem','Saleh','kareem.saleh@incorta.com','Finished'),(118,'Ahmed','Elkilany','ahmed.elkilany@incorta.com','Started'),(119,'Omar','yousry','omar.yousry@incorta.com','Finished'),(120,'Ahmed','Osama','ahmed.osama@incorta.com','Started'),(121,'Osama','Abdelkarim','osama.abdelkarim@incorta.com','Finished'),(122,'Ahmed','Elfar','ahmed.elfar@incorta.com','Finished'),(123,'Osama','Ra\'afat ','osama.raafat@incorta.com','Finished'),(124,'Eslam','Elkhoga','eslam.khoga@incorta.com','Started'),(125,'Hadeer','Mohamed','hadeer.mohamed@incorta.com','Started'),(126,'Aya','Adel','Aya.adel@incorta.com','Participant'),(127,'Omar','Saad','omar.saad@incorta.com','Started'),(128,'Noureen','Heeba','Noureen.heiba@incorta.com','Participant'),(129,'Nihal','Mostafa','nehal.mostafa@incorta.com','Participant'),(130,'Shady','Mohamed','shady.mohamed@incorta.com','Participant'),(131,'Ahmed','Abdelbaset','ahmed.abdelbaset@incorta.com','Participant'),(132,'Islam','El-Muezzin','islam.muezzin@incorta.com','Finished'),(133,'Mohamed','Zakaria','mohamed.zakaria@incorta.com','Finished'),(134,'Ahmed','Helmi','ahmed.helmi@incorta.com','Started'),(135,'Moatz','Ahmed','moatz.ahmed@incorta.com','Finished'),(136,'Bahaa','Zidan','bahaa.zidan@incorta.com','Started'),(137,'Ahmed','Sobhy','ahmed.sobhy@incorta.com','Started'),(138,'Selim','Elawwa','selim.alawwa@incorta.com','Participant'),(139,'Rabia','Nasr','rabia.nasr@incorta.com','Finished'),(140,'Mahmoud','ELtarras','mahmoud.tarrasse@incorta.com','Started'),(141,'Heba','Gado','heba.gado@incorta.com','Started'),(142,'Noah','Orensa','noah.orensa@incorta.com','Participant'),(143,'Mohamed','Magdi','muhammad.magdi@incorta.com','Started'),(144,'Ahmed','Faheem','ahmed.faheem@incorta.com','Participant'),(145,'Amit ','Kothari','amit.kothari@incorta.com','Participant'),(146,'Ashwin ','Warrier','ashwin.warrier@incorta.com','Finished'),(147,'Danish ','Khan','danish.khan@incorta.com','Finished'),(148,'Divya ','Ramachandran','divya.ramachandran@incorta.com','Participant'),(149,'Dylan ','Wan','dylan.wan@incorta.com','Finished'),(150,'Hannah ','Kirk','hannah.kirk@incorta.com','Finished'),(151,'Hichem ','Sellami','hichem.sellami@incorta.com','Participant'),(152,'Hidetoshi ','Futagawa','hidetoshi.futagawa@incorta.com','Finished'),(153,'Kevin ','Ip','kevin.ip@incorta.com','Finished'),(154,'Mark ','Wells','mark.wells@incorta.com','Finished'),(155,'Mateen ','Mohamed','mateen.mohamed@incorta.com','Participant'),(156,'Matthew ','Halliday','matthew.halliday@incorta.com','Started'),(157,'Mazen ','Arar','mazen.arar@incorta.com','Started'),(158,'Melody ','Cheung','melody.cheung@incorta.com','Participant'),(159,'Mohamed ','Dekhil ','mohamed.dekhil@incorta.com ','Finished'),(160,'Mohit ','Saggi','mohit.saggi@incorta.com','Participant'),(161,'Nikita ','Z','nikita.z@incorta.com','Started'),(162,'Omar ','El-Dardiry','omar.eldardiry@incorta.com','Participant'),(163,'Sean ','Willis','sean.willis@incorta.com','Participant'),(164,'Shinji ','Yoshida','shinji.yoshida@incorta.com','Participant'),(165,'Tomoji ','Ashitani','tomoji.ashitani@incorta.com','Finished'),(166,'Vassili ','Zarouba','vassili.zarouba@incorta.com','Participant'),(167,'Ziyad ','Dahbour','ziyad.dahbour@incorta.com','Participant'),(171,'Dan ','Brock','daniel.brock@incorta.com','Participant'),(172,'Dustin ','Basil','dustin.basil@incorta.com','Participant'),(173,'Seth ','Luersen','seth.luersen@incorta.com','Finished'),(174,'Imran ','Shamim','imran.shamim@incorta.com','Participant'),(175,'Dave ','Wrubel','dave.wrubel@incorta.com','Started'),(176,'Amar ','Ravi','amar.ravi@incorta.com','Participant'),(177,'Siva ','Kowsika','siva.kowsika@incorta.com','Participant'),(178,'Tate ','Hanawalt','tate.hanawalt@incorta.com','Finished'),(179,'Philip ','Pollard','philip.pollard@incorta.com','Participant'),(180,'Jeff','Wilgus ','jeff.wilgus@incorta.com','Participant'),(181,'tristan','barrientos','tristan.barrientos@incorta.com','Finished'),(182,'ali','osama','ali.osama202095@yahoo.com','Finished');
/*!40000 ALTER TABLE `user_management_candidate` ENABLE KEYS */;
UNLOCK TABLES;
/*!40103 SET TIME_ZONE=@OLD_TIME_ZONE */;

/*!40101 SET SQL_MODE=@OLD_SQL_MODE */;
/*!40014 SET FOREIGN_KEY_CHECKS=@OLD_FOREIGN_KEY_CHECKS */;
/*!40014 SET UNIQUE_CHECKS=@OLD_UNIQUE_CHECKS */;
/*!40101 SET CHARACTER_SET_CLIENT=@OLD_CHARACTER_SET_CLIENT */;
/*!40101 SET CHARACTER_SET_RESULTS=@OLD_CHARACTER_SET_RESULTS */;
/*!40101 SET COLLATION_CONNECTION=@OLD_COLLATION_CONNECTION */;
/*!40111 SET SQL_NOTES=@OLD_SQL_NOTES */;

-- Dump completed on 2020-03-23 22:05:10
